,run,epoch,loss,train_accuracy,epoch duration,run duration,test_accuracy,total parameters,lr,batch_size,momentum,l1_oc,filter_multiplier,kernel_size,stride,dropout_rate,weight_decay
0,1,1,0.08432145886421204,0.97302,86.44491028785706,88.15335297584534,0.8853,4403518,0.0001,128,0.9,64,2,3,1,0.3,0.003
1,1,2,0.07708998853206635,0.97368,86.600017786026,182.27278184890747,0.8868,4403518,0.0001,128,0.9,64,2,3,1,0.3,0.003
2,1,3,0.07247319073200226,0.9752,87.79580450057983,277.6124927997589,0.8914,4403518,0.0001,128,0.9,64,2,3,1,0.3,0.003
3,1,4,0.06975383594989777,0.9767,88.04087042808533,373.6599507331848,0.8864,4403518,0.0001,128,0.9,64,2,3,1,0.3,0.003
4,1,5,0.07029952589035034,0.97704,86.49329900741577,467.75190258026123,0.8932,4403518,0.0001,128,0.9,64,2,3,1,0.3,0.003
5,1,6,0.06919667240619659,0.97754,85.86531949043274,561.2129139900208,0.8883,4403518,0.0001,128,0.9,64,2,3,1,0.3,0.003
6,1,7,0.06673939352989197,0.97862,85.79413938522339,654.534868478775,0.8887,4403518,0.0001,128,0.9,64,2,3,1,0.3,0.003
7,1,8,0.06635852080345153,0.97736,86.49732899665833,749.5743553638458,0.8901,4403518,0.0001,128,0.9,64,2,3,1,0.3,0.003
8,1,9,0.06338541887283325,0.9794,85.77172255516052,842.9122807979584,0.8935,4403518,0.0001,128,0.9,64,2,3,1,0.3,0.003
9,1,10,0.06341290027618408,0.97894,85.8242597579956,936.1766428947449,0.8914,4403518,0.0001,128,0.9,64,2,3,1,0.3,0.003
10,1,11,0.06142335555553436,0.97948,86.27859425544739,1030.1227054595947,0.8938,4403518,0.0001,128,0.9,64,2,3,1,0.3,0.003
11,1,12,0.0628602725315094,0.97996,86.85074543952942,1124.635957956314,0.8934,4403518,0.0001,128,0.9,64,2,3,1,0.3,0.003
12,1,13,0.06179832549571991,0.97972,87.29952359199524,1219.6967256069183,0.8892,4403518,0.0001,128,0.9,64,2,3,1,0.3,0.003
13,1,14,0.06108346383571625,0.9791,87.27262663841248,1314.685718536377,0.8918,4403518,0.0001,128,0.9,64,2,3,1,0.3,0.003
14,1,15,0.05757865183353424,0.98072,87.38330245018005,1409.839206457138,0.8941,4403518,0.0001,128,0.9,64,2,3,1,0.3,0.003
15,1,16,0.059347136077880856,0.98084,87.26412796974182,1504.829671382904,0.8909,4403518,0.0001,128,0.9,64,2,3,1,0.3,0.003
16,1,17,0.05995973714828491,0.98024,86.0548300743103,1598.689628124237,0.8958,4403518,0.0001,128,0.9,64,2,3,1,0.3,0.003
17,1,18,0.0571583933019638,0.9815,85.97413182258606,1692.2634491920471,0.8919,4403518,0.0001,128,0.9,64,2,3,1,0.3,0.003
18,1,19,0.05905407044410706,0.97996,86.48282599449158,1786.3010702133179,0.893,4403518,0.0001,128,0.9,64,2,3,1,0.3,0.003
19,1,20,0.05613876340389252,0.98182,87.28954982757568,1881.3039927482605,0.8945,4403518,0.0001,128,0.9,64,2,3,1,0.3,0.003
20,1,21,0.05660560314774513,0.98186,87.59372448921204,1976.9073114395142,0.8957,4403518,0.0001,128,0.9,64,2,3,1,0.3,0.003
21,1,22,0.055524436712265014,0.98236,87.54288721084595,2072.295217514038,0.8965,4403518,0.0001,128,0.9,64,2,3,1,0.3,0.003
22,1,23,0.05591237092494965,0.98188,87.2129123210907,2167.2992794513702,0.8901,4403518,0.0001,128,0.9,64,2,3,1,0.3,0.003
23,1,24,0.0584934708404541,0.9807,86.29104351997375,2261.356522321701,0.8972,4403518,0.0001,128,0.9,64,2,3,1,0.3,0.003
24,1,25,0.05442309009552002,0.98262,86.32731127738953,2355.319691181183,0.8915,4403518,0.0001,128,0.9,64,2,3,1,0.3,0.003
25,1,26,0.05387889356613159,0.98166,87.37935590744019,2450.3765704631805,0.8958,4403518,0.0001,128,0.9,64,2,3,1,0.3,0.003
26,1,27,0.053752618699073794,0.98266,86.47546029090881,2544.6611337661743,0.8944,4403518,0.0001,128,0.9,64,2,3,1,0.3,0.003
27,1,28,0.05669555668830872,0.9814,86.41889834403992,2638.8223230838776,0.8991,4403518,0.0001,128,0.9,64,2,3,1,0.3,0.003
28,1,29,0.05301268595695496,0.98262,87.15096497535706,2733.636457681656,0.8995,4403518,0.0001,128,0.9,64,2,3,1,0.3,0.003
29,1,30,0.05354580728769302,0.98222,87.31548166275024,2828.846825838089,0.8947,4403518,0.0001,128,0.9,64,2,3,1,0.3,0.003
30,2,1,0.08223791339397431,0.97264,87.96870517730713,88.26095414161682,0.8864,4403518,0.0001,128,0.9,64,2,3,1,0.3,0.01
31,2,2,0.07728790199756622,0.97488,87.84606218338013,184.003897190094,0.8892,4403518,0.0001,128,0.9,64,2,3,1,0.3,0.01
32,2,3,0.07237484029769897,0.9761,87.8709921836853,279.8336100578308,0.8854,4403518,0.0001,128,0.9,64,2,3,1,0.3,0.01
33,2,4,0.0727786009645462,0.97598,87.70244884490967,375.44291162490845,0.8884,4403518,0.0001,128,0.9,64,2,3,1,0.3,0.01
34,2,5,0.07309061174869537,0.97526,88.129310131073,471.5010151863098,0.8922,4403518,0.0001,128,0.9,64,2,3,1,0.3,0.01
35,2,6,0.06797735663414002,0.97852,88.03949737548828,567.3795945644379,0.8877,4403518,0.0001,128,0.9,64,2,3,1,0.3,0.01
36,2,7,0.0659417305612564,0.97838,88.01660799980164,663.4327075481415,0.8927,4403518,0.0001,128,0.9,64,2,3,1,0.3,0.01
37,2,8,0.0645626869392395,0.97958,88.1811671257019,759.6274425983429,0.8933,4403518,0.0001,128,0.9,64,2,3,1,0.3,0.01
38,2,9,0.06551859921932221,0.97932,87.99965405464172,855.6027655601501,0.8905,4403518,0.0001,128,0.9,64,2,3,1,0.3,0.01
39,2,10,0.06410809551239013,0.97984,87.80520963668823,951.3846399784088,0.8873,4403518,0.0001,128,0.9,64,2,3,1,0.3,0.01
40,2,11,0.06250995512008667,0.98052,88.1340663433075,1047.4704415798187,0.8907,4403518,0.0001,128,0.9,64,2,3,1,0.3,0.01
41,2,12,0.062144060521125796,0.97982,88.09639739990234,1143.5913951396942,0.8898,4403518,0.0001,128,0.9,64,2,3,1,0.3,0.01
42,2,13,0.05869832268714905,0.98098,88.01424407958984,1239.512501001358,0.8955,4403518,0.0001,128,0.9,64,2,3,1,0.3,0.01
43,2,14,0.061716024698019026,0.98018,87.43418669700623,1334.8670644760132,0.8914,4403518,0.0001,128,0.9,64,2,3,1,0.3,0.01
44,2,15,0.06343276982784271,0.9797,87.3018147945404,1430.1609349250793,0.8931,4403518,0.0001,128,0.9,64,2,3,1,0.3,0.01
45,2,16,0.06008652149200439,0.98112,87.15662288665771,1525.15855884552,0.8901,4403518,0.0001,128,0.9,64,2,3,1,0.3,0.01
46,2,17,0.06014651510238647,0.98086,87.21376419067383,1620.1295487880707,0.8935,4403518,0.0001,128,0.9,64,2,3,1,0.3,0.01
47,2,18,0.06080504421234131,0.98102,87.07656836509705,1715.0710859298706,0.8918,4403518,0.0001,128,0.9,64,2,3,1,0.3,0.01
48,2,19,0.06248623067378998,0.98086,87.11233568191528,1809.995528459549,0.8936,4403518,0.0001,128,0.9,64,2,3,1,0.3,0.01
49,2,20,0.06145931145191193,0.98076,87.11590600013733,1904.8916289806366,0.8915,4403518,0.0001,128,0.9,64,2,3,1,0.3,0.01
50,2,21,0.06323026967048645,0.97984,87.13693141937256,1999.7491028308868,0.8928,4403518,0.0001,128,0.9,64,2,3,1,0.3,0.01
51,2,22,0.06057948176860809,0.9811,87.09814238548279,2094.6782743930817,0.8935,4403518,0.0001,128,0.9,64,2,3,1,0.3,0.01
52,2,23,0.06059186030387879,0.9808,87.15383172035217,2189.838693380356,0.8919,4403518,0.0001,128,0.9,64,2,3,1,0.3,0.01
53,2,24,0.057804324450492856,0.98232,86.96057486534119,2284.6462831497192,0.8969,4403518,0.0001,128,0.9,64,2,3,1,0.3,0.01
54,2,25,0.058427418642044066,0.98246,86.96904182434082,2379.3885369300842,0.8966,4403518,0.0001,128,0.9,64,2,3,1,0.3,0.01
55,2,26,0.060640930309295654,0.98106,87.00344014167786,2474.229015111923,0.8949,4403518,0.0001,128,0.9,64,2,3,1,0.3,0.01
56,2,27,0.0604652814912796,0.98132,86.95605158805847,2569.2325620651245,0.8964,4403518,0.0001,128,0.9,64,2,3,1,0.3,0.01
57,2,28,0.06100194652080536,0.9824,87.17017650604248,2664.029346704483,0.8912,4403518,0.0001,128,0.9,64,2,3,1,0.3,0.01
58,2,29,0.05899482504844666,0.98238,87.03806757926941,2758.679070711136,0.892,4403518,0.0001,128,0.9,64,2,3,1,0.3,0.01
59,2,30,0.05913118242740631,0.98158,87.19976806640625,2853.750769853592,0.8932,4403518,0.0001,128,0.9,64,2,3,1,0.3,0.01
60,3,1,0.08162289090633393,0.97214,86.9411883354187,87.25537872314453,0.8885,4403518,0.0001,128,0.9,64,2,3,1,0.3,0.03
61,3,2,0.07583534845352173,0.97468,87.03230547904968,181.9203143119812,0.8869,4403518,0.0001,128,0.9,64,2,3,1,0.3,0.03
62,3,3,0.0734765673160553,0.97554,87.05032062530518,276.7138068675995,0.8872,4403518,0.0001,128,0.9,64,2,3,1,0.3,0.03
63,3,4,0.07450911060333253,0.97624,86.96768569946289,371.6282069683075,0.8875,4403518,0.0001,128,0.9,64,2,3,1,0.3,0.03
64,3,5,0.07231987185955048,0.97706,87.13020253181458,466.884619474411,0.8923,4403518,0.0001,128,0.9,64,2,3,1,0.3,0.03
65,3,6,0.07251750688552856,0.97732,87.02170968055725,561.7004857063293,0.8939,4403518,0.0001,128,0.9,64,2,3,1,0.3,0.03
66,3,7,0.07179919441699982,0.97808,87.00935888290405,656.4346849918365,0.8893,4403518,0.0001,128,0.9,64,2,3,1,0.3,0.03
67,3,8,0.07207645328521728,0.97766,87.1597945690155,751.2880210876465,0.8932,4403518,0.0001,128,0.9,64,2,3,1,0.3,0.03
68,3,9,0.06781136713027953,0.9803,87.1033399105072,846.2507345676422,0.8922,4403518,0.0001,128,0.9,64,2,3,1,0.3,0.03
69,3,10,0.07199476171016693,0.97872,87.10476922988892,941.0918016433716,0.8956,4403518,0.0001,128,0.9,64,2,3,1,0.3,0.03
70,3,11,0.07163440195560455,0.9791,87.13840389251709,1035.932499408722,0.8963,4403518,0.0001,128,0.9,64,2,3,1,0.3,0.03
71,3,12,0.07364461061477662,0.97918,87.23619246482849,1130.906997203827,0.8939,4403518,0.0001,128,0.9,64,2,3,1,0.3,0.03
72,3,13,0.07096038888454437,0.9804,87.1228973865509,1225.8729186058044,0.8917,4403518,0.0001,128,0.9,64,2,3,1,0.3,0.03
73,3,14,0.07295806905269622,0.98074,87.00487613677979,1320.636721611023,0.8898,4403518,0.0001,128,0.9,64,2,3,1,0.3,0.03
74,3,15,0.07426572868824005,0.98012,87.11201286315918,1415.6057708263397,0.8943,4403518,0.0001,128,0.9,64,2,3,1,0.3,0.03
75,3,16,0.07387400579452515,0.98096,87.03477931022644,1510.3569133281708,0.8955,4403518,0.0001,128,0.9,64,2,3,1,0.3,0.03
76,3,17,0.07539651619911193,0.98122,87.02492785453796,1605.0732398033142,0.8947,4403518,0.0001,128,0.9,64,2,3,1,0.3,0.03
77,3,18,0.07572698501586914,0.981,87.21534180641174,1700.2433075904846,0.898,4403518,0.0001,128,0.9,64,2,3,1,0.3,0.03
78,3,19,0.07629757281780243,0.98118,87.06956791877747,1795.1538789272308,0.893,4403518,0.0001,128,0.9,64,2,3,1,0.3,0.03
79,3,20,0.07707810890197754,0.98206,87.09049367904663,1890.1442122459412,0.8932,4403518,0.0001,128,0.9,64,2,3,1,0.3,0.03
80,3,21,0.07756409724712372,0.98134,87.0625729560852,1985.0408630371094,0.8929,4403518,0.0001,128,0.9,64,2,3,1,0.3,0.03
81,3,22,0.07980075836181641,0.98014,87.16684484481812,2080.0008430480957,0.8964,4403518,0.0001,128,0.9,64,2,3,1,0.3,0.03
82,3,23,0.0785812697505951,0.98134,87.06269025802612,2174.892594575882,0.8932,4403518,0.0001,128,0.9,64,2,3,1,0.3,0.03
83,3,24,0.07867581496238708,0.98136,87.11906170845032,2269.764893770218,0.8907,4403518,0.0001,128,0.9,64,2,3,1,0.3,0.03
84,3,25,0.07727645327091218,0.98172,87.22274732589722,2364.832631111145,0.8933,4403518,0.0001,128,0.9,64,2,3,1,0.3,0.03
85,3,26,0.07828798910140991,0.98126,86.97614645957947,2459.640832901001,0.8926,4403518,0.0001,128,0.9,64,2,3,1,0.3,0.03
86,3,27,0.07820295182228089,0.98154,87.06749439239502,2554.4256789684296,0.8926,4403518,0.0001,128,0.9,64,2,3,1,0.3,0.03
87,3,28,0.07793162528038025,0.9815,87.04547071456909,2649.2721462249756,0.8971,4403518,0.0001,128,0.9,64,2,3,1,0.3,0.03
88,3,29,0.07962790784358978,0.98126,87.11781597137451,2744.1632120609283,0.8941,4403518,0.0001,128,0.9,64,2,3,1,0.3,0.03
89,3,30,0.07803491553783416,0.98238,87.02944993972778,2839.064604997635,0.8939,4403518,0.0001,128,0.9,64,2,3,1,0.3,0.03
90,4,1,0.0813093561553955,0.97356,87.14792990684509,87.425222158432,0.8889,4403518,0.0001,128,0.9,64,2,3,1,0.3,0.1
91,4,2,0.07875221074581146,0.97522,87.14229345321655,182.39559769630432,0.8902,4403518,0.0001,128,0.9,64,2,3,1,0.3,0.1
92,4,3,0.08055448295116424,0.9759,87.25197792053223,277.3241138458252,0.8891,4403518,0.0001,128,0.9,64,2,3,1,0.3,0.1
93,4,4,0.08301835627555847,0.97842,87.15892720222473,372.36197566986084,0.8888,4403518,0.0001,128,0.9,64,2,3,1,0.3,0.1
94,4,5,0.09196065839767456,0.97712,87.037024974823,467.2340452671051,0.8895,4403518,0.0001,128,0.9,64,2,3,1,0.3,0.1
95,4,6,0.09869225758075714,0.9779,87.07970094680786,562.1466386318207,0.8895,4403518,0.0001,128,0.9,64,2,3,1,0.3,0.1
96,4,7,0.10883910158157349,0.97882,87.0813136100769,657.0679824352264,0.8896,4403518,0.0001,128,0.9,64,2,3,1,0.3,0.1
97,4,8,0.11979977845191955,0.97762,87.0758924484253,751.9449756145477,0.8914,4403518,0.0001,128,0.9,64,2,3,1,0.3,0.1
98,4,9,0.1315127498435974,0.97856,87.09299850463867,846.9168698787689,0.8908,4403518,0.0001,128,0.9,64,2,3,1,0.3,0.1
99,4,10,0.14284304122924804,0.9785,87.10108184814453,941.8091278076172,0.8931,4403518,0.0001,128,0.9,64,2,3,1,0.3,0.1
100,4,11,0.15456788536071778,0.97834,87.17958283424377,1036.7905206680298,0.8935,4403518,0.0001,128,0.9,64,2,3,1,0.3,0.1
101,4,12,0.1668914972114563,0.97866,87.0169825553894,1131.5400130748749,0.889,4403518,0.0001,128,0.9,64,2,3,1,0.3,0.1
102,4,13,0.17613431552886963,0.97842,87.04087924957275,1226.6104888916016,0.8917,4403518,0.0001,128,0.9,64,2,3,1,0.3,0.1
103,4,14,0.1854478165435791,0.97698,87.07313990592957,1321.436892747879,0.8907,4403518,0.0001,128,0.9,64,2,3,1,0.3,0.1
104,4,15,0.18336332382202147,0.97812,87.05467629432678,1416.1829991340637,0.8897,4403518,0.0001,128,0.9,64,2,3,1,0.3,0.1
105,4,16,0.18739021224975586,0.97718,86.98199844360352,1511.0279688835144,0.8945,4403518,0.0001,128,0.9,64,2,3,1,0.3,0.1
106,4,17,0.18807421085357667,0.97634,87.07763886451721,1606.0114653110504,0.8919,4403518,0.0001,128,0.9,64,2,3,1,0.3,0.1
107,4,18,0.1889680938720703,0.97662,87.05538129806519,1701.1781182289124,0.894,4403518,0.0001,128,0.9,64,2,3,1,0.3,0.1
108,4,19,0.19001876291275024,0.97728,86.9874496459961,1795.9906401634216,0.8929,4403518,0.0001,128,0.9,64,2,3,1,0.3,0.1
109,4,20,0.1893595334815979,0.97756,86.93530440330505,1890.6791682243347,0.8939,4403518,0.0001,128,0.9,64,2,3,1,0.3,0.1
110,4,21,0.19373036275863648,0.97644,87.03084063529968,1985.4095549583435,0.8927,4403518,0.0001,128,0.9,64,2,3,1,0.3,0.1
111,4,22,0.19255893589019776,0.97716,87.02310371398926,2080.29163146019,0.8914,4403518,0.0001,128,0.9,64,2,3,1,0.3,0.1
112,4,23,0.19412819576263426,0.97702,86.93806529045105,2175.0447838306427,0.8919,4403518,0.0001,128,0.9,64,2,3,1,0.3,0.1
113,4,24,0.19505184047698976,0.97746,86.90631175041199,2269.680428504944,0.8962,4403518,0.0001,128,0.9,64,2,3,1,0.3,0.1
114,4,25,0.1960620265197754,0.97598,86.86355352401733,2364.32022857666,0.8935,4403518,0.0001,128,0.9,64,2,3,1,0.3,0.1
115,4,26,0.19640922729492188,0.9766,86.84598851203918,2458.80877828598,0.8914,4403518,0.0001,128,0.9,64,2,3,1,0.3,0.1
116,4,27,0.19588736560821532,0.97696,86.89046478271484,2553.4834368228912,0.8913,4403518,0.0001,128,0.9,64,2,3,1,0.3,0.1
117,4,28,0.19471927223205565,0.97714,86.61502027511597,2647.8766634464264,0.8919,4403518,0.0001,128,0.9,64,2,3,1,0.3,0.1
118,4,29,0.19648879438400269,0.97642,86.67008399963379,2742.227121591568,0.8923,4403518,0.0001,128,0.9,64,2,3,1,0.3,0.1
119,4,30,0.19657986166000366,0.9765,86.7989821434021,2836.741468667984,0.8951,4403518,0.0001,128,0.9,64,2,3,1,0.3,0.1
120,5,1,0.08448404923915863,0.97276,86.73615789413452,87.00344371795654,0.8881,4403518,0.0001,128,0.9,64,2,3,1,0.3,0.3
121,5,2,0.10312345287322998,0.97478,86.73465776443481,181.6469497680664,0.8895,4403518,0.0001,128,0.9,64,2,3,1,0.3,0.3
122,5,3,0.15067746309280394,0.97472,86.69395232200623,276.0642464160919,0.8872,4403518,0.0001,128,0.9,64,2,3,1,0.3,0.3
123,5,4,0.22358455200195312,0.9764,86.83324837684631,370.88114523887634,0.8895,4403518,0.0001,128,0.9,64,2,3,1,0.3,0.3
124,5,5,0.3155812459182739,0.97592,86.79936814308167,465.36696767807007,0.8913,4403518,0.0001,128,0.9,64,2,3,1,0.3,0.3
125,5,6,0.41366762046813965,0.9731,86.73000049591064,559.8681828975677,0.8859,4403518,0.0001,128,0.9,64,2,3,1,0.3,0.3
126,5,7,0.5077648655700684,0.96794,86.57119989395142,654.227531671524,0.8902,4403518,0.0001,128,0.9,64,2,3,1,0.3,0.3
127,5,8,0.5963187885284423,0.96216,86.73925185203552,748.649849653244,0.8798,4403518,0.0001,128,0.9,64,2,3,1,0.3,0.3
128,5,9,0.6853171492004394,0.9521,86.78682589530945,843.1272809505463,0.8745,4403518,0.0001,128,0.9,64,2,3,1,0.3,0.3
129,5,10,0.7773909535217285,0.93794,86.78065133094788,937.5594756603241,0.8612,4403518,0.0001,128,0.9,64,2,3,1,0.3,0.3
130,5,11,0.8731339205932617,0.9231,86.65011167526245,1032.0256552696228,0.8494,4403518,0.0001,128,0.9,64,2,3,1,0.3,0.3
131,5,12,0.9731693162536621,0.90366,86.65495109558105,1126.4019541740417,0.8373,4403518,0.0001,128,0.9,64,2,3,1,0.3,0.3
132,5,13,1.0286638807678223,0.88894,86.78715705871582,1220.969304561615,0.8389,4403518,0.0001,128,0.9,64,2,3,1,0.3,0.3
133,5,14,1.037713170928955,0.88862,86.94556307792664,1315.7229857444763,0.8386,4403518,0.0001,128,0.9,64,2,3,1,0.3,0.3
134,5,15,1.0468101922607422,0.88686,86.67398405075073,1410.2489712238312,0.8294,4403518,0.0001,128,0.9,64,2,3,1,0.3,0.3
135,5,16,1.055217523803711,0.88522,86.71116018295288,1504.8430588245392,0.8314,4403518,0.0001,128,0.9,64,2,3,1,0.3,0.3
136,5,17,1.0675644982910155,0.8825,86.75586724281311,1599.4737923145294,0.8303,4403518,0.0001,128,0.9,64,2,3,1,0.3,0.3
137,5,18,1.076806537628174,0.8798,86.86573958396912,1694.0548956394196,0.8293,4403518,0.0001,128,0.9,64,2,3,1,0.3,0.3
138,5,19,1.0868718498229981,0.87716,86.68480229377747,1788.5700905323029,0.8295,4403518,0.0001,128,0.9,64,2,3,1,0.3,0.3
139,5,20,1.0968291004943849,0.87464,86.73901557922363,1883.2349100112915,0.8205,4403518,0.0001,128,0.9,64,2,3,1,0.3,0.3
140,5,21,1.107816353149414,0.8704,86.69963479042053,1977.6598773002625,0.8263,4403518,0.0001,128,0.9,64,2,3,1,0.3,0.3
141,5,22,1.115460751953125,0.87072,86.81110334396362,2072.1414363384247,0.8186,4403518,0.0001,128,0.9,64,2,3,1,0.3,0.3
142,5,23,1.1284437100219726,0.86672,86.91409087181091,2166.730989217758,0.8185,4403518,0.0001,128,0.9,64,2,3,1,0.3,0.3
143,5,24,1.1320884005737304,0.8676,86.7137439250946,2261.3464498519897,0.8178,4403518,0.0001,128,0.9,64,2,3,1,0.3,0.3
144,5,25,1.1346720529174805,0.86442,86.85683822631836,2356.132084608078,0.8172,4403518,0.0001,128,0.9,64,2,3,1,0.3,0.3
145,5,26,1.1330250723266602,0.8668,86.8148181438446,2450.768558740616,0.8188,4403518,0.0001,128,0.9,64,2,3,1,0.3,0.3
146,5,27,1.1363869085693359,0.86422,86.76765275001526,2545.4440610408783,0.8205,4403518,0.0001,128,0.9,64,2,3,1,0.3,0.3
147,5,28,1.1370092459106445,0.86462,86.83691787719727,2639.993353843689,0.8238,4403518,0.0001,128,0.9,64,2,3,1,0.3,0.3
148,5,29,1.137358048400879,0.86462,86.9059464931488,2734.7014355659485,0.8185,4403518,0.0001,128,0.9,64,2,3,1,0.3,0.3
149,5,30,1.1379366506958009,0.86572,86.86924815177917,2829.2421674728394,0.8266,4403518,0.0001,128,0.9,64,2,3,1,0.3,0.3
150,6,1,0.06953983505249023,0.97656,87.04796695709229,87.35417819023132,0.8933,4403518,0.001,128,0.9,64,2,3,1,0.3,0.003
151,6,2,0.06159743547439575,0.97928,86.99167823791504,182.1798779964447,0.8946,4403518,0.001,128,0.9,64,2,3,1,0.3,0.003
152,6,3,0.06011101006269455,0.97968,86.97317624092102,276.9671175479889,0.8918,4403518,0.001,128,0.9,64,2,3,1,0.3,0.003
153,6,4,0.05463550485134125,0.98234,86.80447220802307,371.55078530311584,0.8982,4403518,0.001,128,0.9,64,2,3,1,0.3,0.003
154,6,5,0.05422809022903442,0.98196,86.89314484596252,466.39663195610046,0.8948,4403518,0.001,128,0.9,64,2,3,1,0.3,0.003
155,6,6,0.05067169098377228,0.98402,86.86962389945984,561.1571528911591,0.8964,4403518,0.001,128,0.9,64,2,3,1,0.3,0.003
156,6,7,0.05158961895942688,0.98316,88.35286211967468,657.2123832702637,0.8969,4403518,0.001,128,0.9,64,2,3,1,0.3,0.003
157,6,8,0.04873945056915283,0.9845,87.35650157928467,753.1060516834259,0.8947,4403518,0.001,128,0.9,64,2,3,1,0.3,0.003
158,6,9,0.04749822378873825,0.98464,86.9568407535553,847.7872788906097,0.8959,4403518,0.001,128,0.9,64,2,3,1,0.3,0.003
159,6,10,0.04777790706157684,0.98458,86.95823001861572,942.7358820438385,0.9004,4403518,0.001,128,0.9,64,2,3,1,0.3,0.003
160,6,11,0.04474402361869812,0.98616,87.03297638893127,1037.5859518051147,0.8959,4403518,0.001,128,0.9,64,2,3,1,0.3,0.003
161,6,12,0.044588321800231936,0.98626,87.01533627510071,1132.362496137619,0.8969,4403518,0.001,128,0.9,64,2,3,1,0.3,0.003
162,6,13,0.04379981092453003,0.98628,86.86931538581848,1226.934186220169,0.8938,4403518,0.001,128,0.9,64,2,3,1,0.3,0.003
163,6,14,0.04553361423015594,0.98568,86.98471999168396,1321.6573233604431,0.8984,4403518,0.001,128,0.9,64,2,3,1,0.3,0.003
164,6,15,0.041747572169303894,0.98744,86.98610091209412,1416.3747191429138,0.8993,4403518,0.001,128,0.9,64,2,3,1,0.3,0.003
165,6,16,0.041781426339149476,0.98698,86.91507363319397,1511.1188561916351,0.8968,4403518,0.001,128,0.9,64,2,3,1,0.3,0.003
166,6,17,0.04076569436073303,0.9877,86.96603965759277,1605.7015917301178,0.897,4403518,0.001,128,0.9,64,2,3,1,0.3,0.003
167,6,18,0.04260422896623611,0.98676,86.92226815223694,1700.4674277305603,0.8974,4403518,0.001,128,0.9,64,2,3,1,0.3,0.003
168,6,19,0.039890332899093627,0.98764,87.05673384666443,1795.3402786254883,0.9018,4403518,0.001,128,0.9,64,2,3,1,0.3,0.003
169,6,20,0.04087297662734985,0.98744,86.82969307899475,1890.0309417247772,0.8996,4403518,0.001,128,0.9,64,2,3,1,0.3,0.003
170,6,21,0.039474911904335025,0.98808,86.92182302474976,1984.579344034195,0.896,4403518,0.001,128,0.9,64,2,3,1,0.3,0.003
171,6,22,0.038923529636859897,0.98836,87.2260992527008,2079.6269512176514,0.8995,4403518,0.001,128,0.9,64,2,3,1,0.3,0.003
172,6,23,0.03920938283920288,0.98842,86.96851515769958,2174.40886759758,0.8992,4403518,0.001,128,0.9,64,2,3,1,0.3,0.003
173,6,24,0.03867016469478607,0.98824,86.97246479988098,2269.0677406787872,0.8992,4403518,0.001,128,0.9,64,2,3,1,0.3,0.003
174,6,25,0.03927851079940796,0.98852,87.02760410308838,2363.8037407398224,0.8944,4403518,0.001,128,0.9,64,2,3,1,0.3,0.003
175,6,26,0.03945076152801514,0.98848,87.11917757987976,2458.7776992321014,0.8939,4403518,0.001,128,0.9,64,2,3,1,0.3,0.003
176,6,27,0.03900294515609741,0.98786,87.06868004798889,2553.5078887939453,0.8975,4403518,0.001,128,0.9,64,2,3,1,0.3,0.003
177,6,28,0.03770283680200577,0.98884,87.07507801055908,2648.796000957489,0.9004,4403518,0.001,128,0.9,64,2,3,1,0.3,0.003
178,6,29,0.03937746265888214,0.98772,87.0246729850769,2743.566973924637,0.9007,4403518,0.001,128,0.9,64,2,3,1,0.3,0.003
179,6,30,0.03847716629266739,0.9883,87.15990257263184,2838.563940048218,0.8983,4403518,0.001,128,0.9,64,2,3,1,0.3,0.003
180,7,1,0.0742514244556427,0.97634,87.08906888961792,87.36935353279114,0.891,4403518,0.001,128,0.9,64,2,3,1,0.3,0.01
181,7,2,0.06363021248817444,0.97956,87.02388405799866,182.11559510231018,0.8923,4403518,0.001,128,0.9,64,2,3,1,0.3,0.01
182,7,3,0.061571782116889955,0.9802,87.03648829460144,276.9083228111267,0.897,4403518,0.001,128,0.9,64,2,3,1,0.3,0.01
183,7,4,0.05897228510856629,0.98248,87.04380655288696,371.6947617530823,0.8971,4403518,0.001,128,0.9,64,2,3,1,0.3,0.01
184,7,5,0.056536432003974915,0.98312,86.98453116416931,466.3607487678528,0.8943,4403518,0.001,128,0.9,64,2,3,1,0.3,0.01
185,7,6,0.05833525613307953,0.98334,87.0017900466919,561.3571586608887,0.8993,4403518,0.001,128,0.9,64,2,3,1,0.3,0.01
186,7,7,0.0600503501701355,0.98316,87.12441897392273,656.3355915546417,0.8981,4403518,0.001,128,0.9,64,2,3,1,0.3,0.01
187,7,8,0.05818311577320099,0.98386,86.99922966957092,751.0571365356445,0.8949,4403518,0.001,128,0.9,64,2,3,1,0.3,0.01
188,7,9,0.058351369886398316,0.98388,87.04495072364807,845.8942198753357,0.8988,4403518,0.001,128,0.9,64,2,3,1,0.3,0.01
189,7,10,0.059410708980560306,0.9839,87.0992431640625,940.8125596046448,0.8958,4403518,0.001,128,0.9,64,2,3,1,0.3,0.01
190,7,11,0.059001752290725705,0.98484,87.12225222587585,1035.7309620380402,0.8987,4403518,0.001,128,0.9,64,2,3,1,0.3,0.01
191,7,12,0.05965586020946503,0.98454,86.94325876235962,1130.4773144721985,0.8994,4403518,0.001,128,0.9,64,2,3,1,0.3,0.01
192,7,13,0.059849375491142276,0.9848,86.95257258415222,1225.11630153656,0.8987,4403518,0.001,128,0.9,64,2,3,1,0.3,0.01
193,7,14,0.05947532357215882,0.98538,87.10857272148132,1319.9445760250092,0.8964,4403518,0.001,128,0.9,64,2,3,1,0.3,0.01
194,7,15,0.06099935549736023,0.98534,87.15046072006226,1415.0108551979065,0.8949,4403518,0.001,128,0.9,64,2,3,1,0.3,0.01
195,7,16,0.06442336312770844,0.98404,87.0802481174469,1509.949057817459,0.8936,4403518,0.001,128,0.9,64,2,3,1,0.3,0.01
196,7,17,0.061815393753051756,0.98444,87.15886378288269,1604.7943646907806,0.8941,4403518,0.001,128,0.9,64,2,3,1,0.3,0.01
197,7,18,0.060799733872413636,0.98564,87.1137228012085,1699.5306868553162,0.8999,4403518,0.001,128,0.9,64,2,3,1,0.3,0.01
198,7,19,0.060278375973701476,0.98538,87.10122060775757,1794.4380311965942,0.8951,4403518,0.001,128,0.9,64,2,3,1,0.3,0.01
199,7,20,0.06323077552318573,0.98358,87.44657778739929,1889.5640625953674,0.8952,4403518,0.001,128,0.9,64,2,3,1,0.3,0.01
200,7,21,0.06193492596149445,0.98544,87.0234591960907,1984.3417825698853,0.8969,4403518,0.001,128,0.9,64,2,3,1,0.3,0.01
201,7,22,0.06287029146194457,0.98492,86.96321105957031,2079.204836130142,0.896,4403518,0.001,128,0.9,64,2,3,1,0.3,0.01
202,7,23,0.06051058761119842,0.98586,87.1087896823883,2174.0479307174683,0.8938,4403518,0.001,128,0.9,64,2,3,1,0.3,0.01
203,7,24,0.06090422284126282,0.98466,87.01099419593811,2268.908369064331,0.8984,4403518,0.001,128,0.9,64,2,3,1,0.3,0.01
204,7,25,0.062265184082984926,0.98448,87.064288854599,2363.802234172821,0.895,4403518,0.001,128,0.9,64,2,3,1,0.3,0.01
205,7,26,0.060630085411071774,0.98544,87.01252293586731,2458.5491201877594,0.895,4403518,0.001,128,0.9,64,2,3,1,0.3,0.01
206,7,27,0.06148748126983643,0.98544,87.05612182617188,2553.437933444977,0.8967,4403518,0.001,128,0.9,64,2,3,1,0.3,0.01
207,7,28,0.06013107075691223,0.98582,86.84592986106873,2647.9702916145325,0.8955,4403518,0.001,128,0.9,64,2,3,1,0.3,0.01
208,7,29,0.061254938960075375,0.98506,87.11146879196167,2742.8440170288086,0.8938,4403518,0.001,128,0.9,64,2,3,1,0.3,0.01
209,7,30,0.06261705995559692,0.98532,87.1255624294281,2837.7178416252136,0.8967,4403518,0.001,128,0.9,64,2,3,1,0.3,0.01
210,8,1,0.07574231873035431,0.9764,87.09223508834839,87.36251306533813,0.8912,4403518,0.001,128,0.9,64,2,3,1,0.3,0.03
211,8,2,0.07531487338542939,0.97968,87.0265531539917,182.08047318458557,0.8906,4403518,0.001,128,0.9,64,2,3,1,0.3,0.03
212,8,3,0.08556583121299743,0.9809,87.0002658367157,276.78111267089844,0.8959,4403518,0.001,128,0.9,64,2,3,1,0.3,0.03
213,8,4,0.09250785015106201,0.98078,86.99015307426453,371.5065779685974,0.8992,4403518,0.001,128,0.9,64,2,3,1,0.3,0.03
214,8,5,0.10224498219490051,0.97932,87.15197968482971,466.4307713508606,0.8944,4403518,0.001,128,0.9,64,2,3,1,0.3,0.03
215,8,6,0.11101794297218323,0.97818,87.01683831214905,561.2038657665253,0.8931,4403518,0.001,128,0.9,64,2,3,1,0.3,0.03
216,8,7,0.12058828212738038,0.97682,87.15821623802185,656.064483165741,0.8899,4403518,0.001,128,0.9,64,2,3,1,0.3,0.03
217,8,8,0.1358887005996704,0.97362,87.32603406906128,751.3604130744934,0.8886,4403518,0.001,128,0.9,64,2,3,1,0.3,0.03
218,8,9,0.15419387588500977,0.96894,86.9772777557373,846.1057045459747,0.8857,4403518,0.001,128,0.9,64,2,3,1,0.3,0.03
219,8,10,0.17158237550735472,0.96524,86.98588800430298,940.6892731189728,0.8794,4403518,0.001,128,0.9,64,2,3,1,0.3,0.03
220,8,11,0.19206353996276856,0.96014,87.18408131599426,1035.52685880661,0.8837,4403518,0.001,128,0.9,64,2,3,1,0.3,0.03
221,8,12,0.21063721458435058,0.95382,87.44083595275879,1130.8612687587738,0.8795,4403518,0.001,128,0.9,64,2,3,1,0.3,0.03
222,8,13,0.2281421026992798,0.94846,87.03259015083313,1225.8645136356354,0.8758,4403518,0.001,128,0.9,64,2,3,1,0.3,0.03
223,8,14,0.22116452297210693,0.95168,87.13763999938965,1320.7823107242584,0.8791,4403518,0.001,128,0.9,64,2,3,1,0.3,0.03
224,8,15,0.21500375102996827,0.95454,86.95207023620605,1415.4138219356537,0.8794,4403518,0.001,128,0.9,64,2,3,1,0.3,0.03
225,8,16,0.21655674808502198,0.9544,86.95973491668701,1510.0339152812958,0.8794,4403518,0.001,128,0.9,64,2,3,1,0.3,0.03
226,8,17,0.21504001949310303,0.95434,87.01311135292053,1604.7623934745789,0.8778,4403518,0.001,128,0.9,64,2,3,1,0.3,0.03
227,8,18,0.21559870456695557,0.95308,86.9872727394104,1699.3653151988983,0.8826,4403518,0.001,128,0.9,64,2,3,1,0.3,0.03
228,8,19,0.21443237506866455,0.95394,87.02979326248169,1794.0296609401703,0.8794,4403518,0.001,128,0.9,64,2,3,1,0.3,0.03
229,8,20,0.21547805541992188,0.95344,86.99978494644165,1888.7895805835724,0.8812,4403518,0.001,128,0.9,64,2,3,1,0.3,0.03
230,8,21,0.21659741775512695,0.95232,87.10433626174927,1983.5424628257751,0.8848,4403518,0.001,128,0.9,64,2,3,1,0.3,0.03
231,8,22,0.2169671181488037,0.95322,87.16733622550964,2078.508909702301,0.8806,4403518,0.001,128,0.9,64,2,3,1,0.3,0.03
232,8,23,0.21852987106323243,0.9531,87.14665913581848,2173.5053918361664,0.8794,4403518,0.001,128,0.9,64,2,3,1,0.3,0.03
233,8,24,0.2178282579421997,0.95256,87.2902262210846,2268.5060164928436,0.8798,4403518,0.001,128,0.9,64,2,3,1,0.3,0.03
234,8,25,0.21717084548950194,0.95316,87.12875866889954,2363.431905269623,0.8815,4403518,0.001,128,0.9,64,2,3,1,0.3,0.03
235,8,26,0.216077321434021,0.9552,87.44546484947205,2458.551813364029,0.8826,4403518,0.001,128,0.9,64,2,3,1,0.3,0.03
236,8,27,0.21495436065673829,0.95484,87.28612470626831,2553.499447107315,0.882,4403518,0.001,128,0.9,64,2,3,1,0.3,0.03
237,8,28,0.21356865032196046,0.95494,87.31450963020325,2648.5392973423004,0.883,4403518,0.001,128,0.9,64,2,3,1,0.3,0.03
238,8,29,0.21585529777526855,0.95388,87.14133882522583,2743.4149510860443,0.8799,4403518,0.001,128,0.9,64,2,3,1,0.3,0.03
239,8,30,0.21455813091278075,0.95484,87.32922101020813,2838.4505331516266,0.8818,4403518,0.001,128,0.9,64,2,3,1,0.3,0.03
240,9,1,0.1069881273651123,0.97536,87.29144096374512,87.56471014022827,0.8914,4403518,0.001,128,0.9,64,2,3,1,0.3,0.1
241,9,2,0.20722085638046264,0.97386,87.32150721549988,182.51383709907532,0.8877,4403518,0.001,128,0.9,64,2,3,1,0.3,0.1
242,9,3,0.31194958080291746,0.95852,87.32641291618347,277.6114671230316,0.8709,4403518,0.001,128,0.9,64,2,3,1,0.3,0.1
243,9,4,0.4524315699005127,0.92226,87.32121419906616,372.6430597305298,0.8474,4403518,0.001,128,0.9,64,2,3,1,0.3,0.1
244,9,5,0.5815742932891845,0.87818,87.21289682388306,467.59023571014404,0.8215,4403518,0.001,128,0.9,64,2,3,1,0.3,0.1
245,9,6,0.6841797727966309,0.83356,87.24881052970886,562.5634698867798,0.7971,4403518,0.001,128,0.9,64,2,3,1,0.3,0.1
246,9,7,0.7875268942260742,0.79088,87.29507637023926,657.5888714790344,0.7582,4403518,0.001,128,0.9,64,2,3,1,0.3,0.1
247,9,8,0.864761499786377,0.75964,87.6279468536377,752.9770648479462,0.7264,4403518,0.001,128,0.9,64,2,3,1,0.3,0.1
248,9,9,0.9161144085693359,0.73578,87.50165438652039,848.2619104385376,0.7242,4403518,0.001,128,0.9,64,2,3,1,0.3,0.1
249,9,10,0.9402105953979493,0.7212,87.26179361343384,943.2649631500244,0.7112,4403518,0.001,128,0.9,64,2,3,1,0.3,0.1
250,9,11,0.9553313586425781,0.71578,87.20789623260498,1038.1333405971527,0.7046,4403518,0.001,128,0.9,64,2,3,1,0.3,0.1
251,9,12,0.9640781036376953,0.707,87.17875266075134,1133.1619894504547,0.6803,4403518,0.001,128,0.9,64,2,3,1,0.3,0.1
252,9,13,0.8550039312744141,0.755,87.14945864677429,1228.031800031662,0.7503,4403518,0.001,128,0.9,64,2,3,1,0.3,0.1
253,9,14,0.817140090637207,0.76828,87.13195514678955,1322.8541896343231,0.7547,4403518,0.001,128,0.9,64,2,3,1,0.3,0.1
254,9,15,0.7971277110290528,0.77468,87.01951026916504,1417.6797966957092,0.7582,4403518,0.001,128,0.9,64,2,3,1,0.3,0.1
255,9,16,0.7837506433105469,0.77588,87.25400614738464,1512.7508964538574,0.77,4403518,0.001,128,0.9,64,2,3,1,0.3,0.1
256,9,17,0.776584395904541,0.77978,87.17496943473816,1607.6412324905396,0.763,4403518,0.001,128,0.9,64,2,3,1,0.3,0.1
257,9,18,0.7664701461791992,0.7823,87.11117672920227,1702.546636581421,0.7677,4403518,0.001,128,0.9,64,2,3,1,0.3,0.1
258,9,19,0.7607456506347656,0.7828,87.34863543510437,1797.6325793266296,0.7711,4403518,0.001,128,0.9,64,2,3,1,0.3,0.1
259,9,20,0.7528741598510742,0.7872,87.30049133300781,1892.6104938983917,0.7737,4403518,0.001,128,0.9,64,2,3,1,0.3,0.1
260,9,21,0.7460654164123535,0.78932,87.07689046859741,1987.4446210861206,0.7794,4403518,0.001,128,0.9,64,2,3,1,0.3,0.1
261,9,22,0.7451911488342285,0.78676,87.14374995231628,2082.64981174469,0.7744,4403518,0.001,128,0.9,64,2,3,1,0.3,0.1
262,9,23,0.7393121321105957,0.7891,87.15472531318665,2177.555818080902,0.7734,4403518,0.001,128,0.9,64,2,3,1,0.3,0.1
263,9,24,0.7091520558166504,0.8024,87.15835762023926,2272.394419670105,0.7806,4403518,0.001,128,0.9,64,2,3,1,0.3,0.1
264,9,25,0.701840145111084,0.80532,87.20212745666504,2367.495423078537,0.7876,4403518,0.001,128,0.9,64,2,3,1,0.3,0.1
265,9,26,0.6968192710876465,0.80884,87.21604204177856,2462.4936244487762,0.7874,4403518,0.001,128,0.9,64,2,3,1,0.3,0.1
266,9,27,0.6954726928710937,0.80882,87.31557869911194,2557.5415239334106,0.7905,4403518,0.001,128,0.9,64,2,3,1,0.3,0.1
267,9,28,0.691970771484375,0.8118,87.14288830757141,2652.4669902324677,0.7835,4403518,0.001,128,0.9,64,2,3,1,0.3,0.1
268,9,29,0.6917505465698243,0.81054,87.20433592796326,2747.627036333084,0.7895,4403518,0.001,128,0.9,64,2,3,1,0.3,0.1
269,9,30,0.6913720960998535,0.8097,87.09943652153015,2842.518828392029,0.785,4403518,0.001,128,0.9,64,2,3,1,0.3,0.1
270,10,1,0.3911595974254608,0.96594,86.87593507766724,87.16815257072449,0.8563,4403518,0.001,128,0.9,64,2,3,1,0.3,0.3
271,10,2,1.3229612506103516,0.7909,86.9811601638794,181.86338019371033,0.6084,4403518,0.001,128,0.9,64,2,3,1,0.3,0.3
272,10,3,1.9483953433227539,0.43874,87.00465059280396,276.60031247138977,0.2538,4403518,0.001,128,0.9,64,2,3,1,0.3,0.3
273,10,4,2.168020623168945,0.19598,87.03292298316956,371.3545846939087,0.1793,4403518,0.001,128,0.9,64,2,3,1,0.3,0.3
274,10,5,2.235249816894531,0.1719,87.02062892913818,466.2241907119751,0.173,4403518,0.001,128,0.9,64,2,3,1,0.3,0.3
275,10,6,2.2893957385253905,0.1623,87.0270266532898,560.9794101715088,0.1016,4403518,0.001,128,0.9,64,2,3,1,0.3,0.3
276,10,7,2.3047141613769533,0.09818,87.04441332817078,655.8149654865265,0.1,4403518,0.001,128,0.9,64,2,3,1,0.3,0.3
277,10,8,2.304821920776367,0.09724,86.981436252594,750.8111691474915,0.1,4403518,0.001,128,0.9,64,2,3,1,0.3,0.3
278,10,9,2.304822504272461,0.09598,86.4154999256134,845.0507440567017,0.1,4403518,0.001,128,0.9,64,2,3,1,0.3,0.3
279,10,10,2.304822683105469,0.09606,86.40292596817017,939.3295817375183,0.1,4403518,0.001,128,0.9,64,2,3,1,0.3,0.3
280,10,11,2.304822727050781,0.09592,86.50231671333313,1033.5921113491058,0.1,4403518,0.001,128,0.9,64,2,3,1,0.3,0.3
281,10,12,2.304822708740234,0.09598,86.38331866264343,1127.7088005542755,0.1,4403518,0.001,128,0.9,64,2,3,1,0.3,0.3
282,10,13,2.304800341186523,0.1,86.35423040390015,1221.864693403244,0.1,4403518,0.001,128,0.9,64,2,3,1,0.3,0.3
283,10,14,2.304799987792969,0.1,86.32617974281311,1316.0039825439453,0.1,4403518,0.001,128,0.9,64,2,3,1,0.3,0.3
284,10,15,2.3047997357177734,0.1,86.2580201625824,1409.8516771793365,0.1,4403518,0.001,128,0.9,64,2,3,1,0.3,0.3
285,10,16,2.3047995513916018,0.1,86.53254127502441,1504.062682390213,0.1,4403518,0.001,128,0.9,64,2,3,1,0.3,0.3
286,10,17,2.3047993682861327,0.1,86.22763109207153,1598.147513628006,0.1,4403518,0.001,128,0.9,64,2,3,1,0.3,0.3
287,10,18,2.3047992498779295,0.1,86.35281038284302,1692.2265739440918,0.1,4403518,0.001,128,0.9,64,2,3,1,0.3,0.3
288,10,19,2.304799154663086,0.1,86.40111756324768,1786.2064208984375,0.1,4403518,0.001,128,0.9,64,2,3,1,0.3,0.3
289,10,20,2.3047990759277344,0.1,86.37406826019287,1880.2798569202423,0.1,4403518,0.001,128,0.9,64,2,3,1,0.3,0.3
290,10,21,2.304799048461914,0.1,86.39724397659302,1974.3526241779327,0.1,4403518,0.001,128,0.9,64,2,3,1,0.3,0.3
291,10,22,2.3047989611816404,0.1,86.34406161308289,2068.3712022304535,0.1,4403518,0.001,128,0.9,64,2,3,1,0.3,0.3
292,10,23,2.3047989416503905,0.099,86.32495665550232,2162.3626580238342,0.1,4403518,0.001,128,0.9,64,2,3,1,0.3,0.3
293,10,24,2.3047960021972655,0.1,86.38596296310425,2256.5028982162476,0.1,4403518,0.001,128,0.9,64,2,3,1,0.3,0.3
294,10,25,2.3047960107421877,0.1,86.39671969413757,2350.484344482422,0.1,4403518,0.001,128,0.9,64,2,3,1,0.3,0.3
295,10,26,2.3047960266113283,0.1,86.34565472602844,2444.459825515747,0.1,4403518,0.001,128,0.9,64,2,3,1,0.3,0.3
296,10,27,2.3047960028076173,0.1,86.40135145187378,2538.465837955475,0.1,4403518,0.001,128,0.9,64,2,3,1,0.3,0.3
297,10,28,2.3047960241699217,0.1,86.36150670051575,2632.511794567108,0.1,4403518,0.001,128,0.9,64,2,3,1,0.3,0.3
298,10,29,2.304796013793945,0.1,86.34243416786194,2726.5346813201904,0.1,4403518,0.001,128,0.9,64,2,3,1,0.3,0.3
299,10,30,2.3047959912109377,0.1,86.39222884178162,2820.5365574359894,0.1,4403518,0.001,128,0.9,64,2,3,1,0.3,0.3
300,11,1,0.08193105759143829,0.97234,86.60385775566101,86.86515808105469,0.8871,4403518,0.01,128,0.9,64,2,3,1,0.3,0.003
301,11,2,0.08511682364463806,0.97244,86.6194179058075,181.38145899772644,0.8815,4403518,0.01,128,0.9,64,2,3,1,0.3,0.003
302,11,3,0.10271801930904388,0.96606,86.78056788444519,275.85435461997986,0.8796,4403518,0.01,128,0.9,64,2,3,1,0.3,0.003
303,11,4,0.13035791894435883,0.95768,86.92512321472168,370.5975058078766,0.8751,4403518,0.01,128,0.9,64,2,3,1,0.3,0.003
304,11,5,0.159469233379364,0.94846,86.88753366470337,465.3589811325073,0.8628,4403518,0.01,128,0.9,64,2,3,1,0.3,0.003
305,11,6,0.19224215222358704,0.93712,86.82338762283325,560.000491142273,0.8627,4403518,0.01,128,0.9,64,2,3,1,0.3,0.003
306,11,7,0.2251564496421814,0.92642,86.81257438659668,654.5244421958923,0.8639,4403518,0.01,128,0.9,64,2,3,1,0.3,0.003
307,11,8,0.2583573205757141,0.91616,86.978768825531,749.1543266773224,0.8521,4403518,0.01,128,0.9,64,2,3,1,0.3,0.003
308,11,9,0.28633903430938723,0.90708,86.8281614780426,843.624071598053,0.8466,4403518,0.01,128,0.9,64,2,3,1,0.3,0.003
309,11,10,0.31385200912475586,0.89688,87.00397205352783,938.3065087795258,0.852,4403518,0.01,128,0.9,64,2,3,1,0.3,0.003
310,11,11,0.3292097924423218,0.89384,86.91904425621033,1032.9189774990082,0.8382,4403518,0.01,128,0.9,64,2,3,1,0.3,0.003
311,11,12,0.3515182779312134,0.8869,86.86160445213318,1127.7438445091248,0.8431,4403518,0.01,128,0.9,64,2,3,1,0.3,0.003
312,11,13,0.23939271480560304,0.92382,86.88498830795288,1222.4628822803497,0.877,4403518,0.01,128,0.9,64,2,3,1,0.3,0.003
313,11,14,0.19315484683990478,0.93772,86.85769701004028,1317.1576218605042,0.8851,4403518,0.01,128,0.9,64,2,3,1,0.3,0.003
314,11,15,0.16678035020828247,0.94672,86.76729202270508,1411.6133563518524,0.8813,4403518,0.01,128,0.9,64,2,3,1,0.3,0.003
315,11,16,0.15804829115867614,0.94956,86.79422950744629,1506.0650889873505,0.8918,4403518,0.01,128,0.9,64,2,3,1,0.3,0.003
316,11,17,0.1453888523006439,0.95436,86.96173667907715,1600.762199640274,0.8903,4403518,0.01,128,0.9,64,2,3,1,0.3,0.003
317,11,18,0.13352572642326355,0.95834,86.8717110157013,1695.484882593155,0.8887,4403518,0.01,128,0.9,64,2,3,1,0.3,0.003
318,11,19,0.12778372219085693,0.9603,86.85051131248474,1790.2934815883636,0.8908,4403518,0.01,128,0.9,64,2,3,1,0.3,0.003
319,11,20,0.12565591008186341,0.96118,86.9377875328064,1884.9077396392822,0.8944,4403518,0.01,128,0.9,64,2,3,1,0.3,0.003
320,11,21,0.11568361626625061,0.9636,86.85792922973633,1979.643606185913,0.8938,4403518,0.01,128,0.9,64,2,3,1,0.3,0.003
321,11,22,0.10976087379455567,0.96598,86.91842222213745,2074.3482060432434,0.8968,4403518,0.01,128,0.9,64,2,3,1,0.3,0.003
322,11,23,0.10725672446250915,0.96738,86.72406530380249,2168.8285071849823,0.8944,4403518,0.01,128,0.9,64,2,3,1,0.3,0.003
323,11,24,0.09638062649726868,0.97054,86.91075563430786,2263.413711309433,0.8969,4403518,0.01,128,0.9,64,2,3,1,0.3,0.003
324,11,25,0.09434662757396697,0.97182,86.79493117332458,2358.068640947342,0.898,4403518,0.01,128,0.9,64,2,3,1,0.3,0.003
325,11,26,0.09221896846294403,0.97216,86.92362260818481,2452.65776348114,0.8962,4403518,0.01,128,0.9,64,2,3,1,0.3,0.003
326,11,27,0.08923616273403168,0.97362,86.86389994621277,2547.630977153778,0.8967,4403518,0.01,128,0.9,64,2,3,1,0.3,0.003
327,11,28,0.09112873729228974,0.97294,87.00697350502014,2642.4211020469666,0.8958,4403518,0.01,128,0.9,64,2,3,1,0.3,0.003
328,11,29,0.09081034533500672,0.97264,86.93503785133362,2737.0475420951843,0.8997,4403518,0.01,128,0.9,64,2,3,1,0.3,0.003
329,11,30,0.08898440434455872,0.97348,87.20376300811768,2831.931113243103,0.8981,4403518,0.01,128,0.9,64,2,3,1,0.3,0.003
330,12,1,0.0860638897895813,0.97322,86.8728609085083,87.14715766906738,0.8863,4403518,0.01,128,0.9,64,2,3,1,0.3,0.01
331,12,2,0.15139831800460815,0.95344,86.83366227149963,181.6832413673401,0.8625,4403518,0.01,128,0.9,64,2,3,1,0.3,0.01
332,12,3,0.29660605001449586,0.90608,86.84576797485352,276.2024738788605,0.8462,4403518,0.01,128,0.9,64,2,3,1,0.3,0.01
333,12,4,0.42701598220825193,0.86408,86.87352776527405,370.77243733406067,0.815,4403518,0.01,128,0.9,64,2,3,1,0.3,0.01
334,12,5,0.5364889794921875,0.82568,87.30020070075989,465.8246126174927,0.7946,4403518,0.01,128,0.9,64,2,3,1,0.3,0.01
335,12,6,0.596294903717041,0.80702,87.00703883171082,560.6397681236267,0.7822,4403518,0.01,128,0.9,64,2,3,1,0.3,0.01
336,12,7,0.6208341511535644,0.79754,86.938631772995,655.3954985141754,0.7874,4403518,0.01,128,0.9,64,2,3,1,0.3,0.01
337,12,8,0.6313249110412598,0.79324,86.98666548728943,749.9818303585052,0.7802,4403518,0.01,128,0.9,64,2,3,1,0.3,0.01
338,12,9,0.6307814163208008,0.7948,86.93325710296631,844.6029381752014,0.7795,4403518,0.01,128,0.9,64,2,3,1,0.3,0.01
339,12,10,0.6374003539276123,0.79098,88.53694868087769,941.2482104301453,0.7767,4403518,0.01,128,0.9,64,2,3,1,0.3,0.01
340,12,11,0.6393573753356934,0.79186,88.2491807937622,1037.412226676941,0.7862,4403518,0.01,128,0.9,64,2,3,1,0.3,0.01
341,12,12,0.6383105043792725,0.7894,88.01156067848206,1133.449556350708,0.7852,4403518,0.01,128,0.9,64,2,3,1,0.3,0.01
342,12,13,0.45661669086456297,0.85442,87.5999264717102,1228.9672813415527,0.8502,4403518,0.01,128,0.9,64,2,3,1,0.3,0.01
343,12,14,0.38984366138458254,0.87582,87.49917149543762,1324.2466547489166,0.856,4403518,0.01,128,0.9,64,2,3,1,0.3,0.01
344,12,15,0.3650496004867554,0.88392,87.52894306182861,1419.581692457199,0.8631,4403518,0.01,128,0.9,64,2,3,1,0.3,0.01
345,12,16,0.3470301609802246,0.89072,87.41619086265564,1515.0079338550568,0.8653,4403518,0.01,128,0.9,64,2,3,1,0.3,0.01
346,12,17,0.33455529872894285,0.89406,87.89313459396362,1610.6632781028748,0.864,4403518,0.01,128,0.9,64,2,3,1,0.3,0.01
347,12,18,0.32494919483184814,0.8977,87.74915432929993,1706.2624380588531,0.8765,4403518,0.01,128,0.9,64,2,3,1,0.3,0.01
348,12,19,0.31032093322753906,0.90258,87.1522696018219,1801.446445465088,0.8665,4403518,0.01,128,0.9,64,2,3,1,0.3,0.01
349,12,20,0.30462773681640626,0.9039,86.97894740104675,1896.2165277004242,0.8739,4403518,0.01,128,0.9,64,2,3,1,0.3,0.01
350,12,21,0.30086312561035156,0.90446,86.82211017608643,1990.95942568779,0.8686,4403518,0.01,128,0.9,64,2,3,1,0.3,0.01
351,12,22,0.2914517883300781,0.90988,86.5292899608612,2085.3526849746704,0.8694,4403518,0.01,128,0.9,64,2,3,1,0.3,0.01
352,12,23,0.2844367981719971,0.91166,86.68919134140015,2179.6305813789368,0.8753,4403518,0.01,128,0.9,64,2,3,1,0.3,0.01
353,12,24,0.2417987930870056,0.92688,86.54067897796631,2273.8118505477905,0.8865,4403518,0.01,128,0.9,64,2,3,1,0.3,0.01
354,12,25,0.22651897397994994,0.93224,86.36329197883606,2367.9563326835632,0.8859,4403518,0.01,128,0.9,64,2,3,1,0.3,0.01
355,12,26,0.2211508141708374,0.9353,86.44918656349182,2462.072028160095,0.8855,4403518,0.01,128,0.9,64,2,3,1,0.3,0.01
356,12,27,0.21527304708480835,0.93744,86.37731599807739,2556.232510328293,0.8876,4403518,0.01,128,0.9,64,2,3,1,0.3,0.01
357,12,28,0.21350305641174316,0.93712,86.28608727455139,2650.30277299881,0.8871,4403518,0.01,128,0.9,64,2,3,1,0.3,0.01
358,12,29,0.20927030029296875,0.93814,86.50312685966492,2744.48935174942,0.8917,4403518,0.01,128,0.9,64,2,3,1,0.3,0.01
359,12,30,0.20927837005615235,0.93804,86.29452896118164,2838.575045108795,0.8865,4403518,0.01,128,0.9,64,2,3,1,0.3,0.01
360,13,1,0.164241312789917,0.95688,86.42470979690552,86.70396256446838,0.8483,4403518,0.01,128,0.9,64,2,3,1,0.3,0.03
361,13,2,0.6295791759872437,0.80092,86.58644342422485,180.9239137172699,0.711,4403518,0.01,128,0.9,64,2,3,1,0.3,0.03
362,13,3,0.8903285690307617,0.70796,86.5464677810669,275.0621135234833,0.6837,4403518,0.01,128,0.9,64,2,3,1,0.3,0.03
363,13,4,0.9478296928405762,0.68692,86.5200138092041,369.28951263427734,0.6798,4403518,0.01,128,0.9,64,2,3,1,0.3,0.03
364,13,5,0.9627787594604492,0.67914,86.3990843296051,463.37598276138306,0.6734,4403518,0.01,128,0.9,64,2,3,1,0.3,0.03
365,13,6,0.9747009985351562,0.6753,86.406245470047,557.5703673362732,0.649,4403518,0.01,128,0.9,64,2,3,1,0.3,0.03
366,13,7,0.9836396719360352,0.67078,86.39999175071716,651.7106590270996,0.6619,4403518,0.01,128,0.9,64,2,3,1,0.3,0.03
367,13,8,0.972812172241211,0.67336,86.31482243537903,745.9752213954926,0.6817,4403518,0.01,128,0.9,64,2,3,1,0.3,0.03
368,13,9,0.9823433834838867,0.67202,86.37059450149536,840.073118686676,0.6568,4403518,0.01,128,0.9,64,2,3,1,0.3,0.03
369,13,10,0.9840426100158691,0.67068,86.28546357154846,934.1038687229156,0.6712,4403518,0.01,128,0.9,64,2,3,1,0.3,0.03
370,13,11,0.9886376057434082,0.66824,86.29079079627991,1028.1928040981293,0.667,4403518,0.01,128,0.9,64,2,3,1,0.3,0.03
371,13,12,0.9924572149658203,0.66634,86.27555060386658,1122.1368627548218,0.6709,4403518,0.01,128,0.9,64,2,3,1,0.3,0.03
372,13,13,0.773235170135498,0.75016,86.32910084724426,1216.040168762207,0.761,4403518,0.01,128,0.9,64,2,3,1,0.3,0.03
373,13,14,0.6985687055969239,0.77264,86.1813895702362,1309.9518566131592,0.7759,4403518,0.01,128,0.9,64,2,3,1,0.3,0.03
374,13,15,0.669607283706665,0.7844,86.32796144485474,1404.0270988941193,0.7748,4403518,0.01,128,0.9,64,2,3,1,0.3,0.03
375,13,16,0.6572122848510742,0.78944,86.2365083694458,1497.8056313991547,0.7838,4403518,0.01,128,0.9,64,2,3,1,0.3,0.03
376,13,17,0.6439639529418946,0.79354,86.30170798301697,1591.7279584407806,0.7744,4403518,0.01,128,0.9,64,2,3,1,0.3,0.03
377,13,18,0.6366110590362549,0.79714,86.3422679901123,1685.802546262741,0.7887,4403518,0.01,128,0.9,64,2,3,1,0.3,0.03
378,13,19,0.6308535998535156,0.79992,86.23324418067932,1779.7491619586945,0.7945,4403518,0.01,128,0.9,64,2,3,1,0.3,0.03
379,13,20,0.6157814252471924,0.80474,86.37602615356445,1873.717844247818,0.7931,4403518,0.01,128,0.9,64,2,3,1,0.3,0.03
380,13,21,0.6131992167663575,0.80328,86.29980969429016,1967.6602249145508,0.7889,4403518,0.01,128,0.9,64,2,3,1,0.3,0.03
381,13,22,0.60877152633667,0.80744,86.25366711616516,2061.6551566123962,0.7919,4403518,0.01,128,0.9,64,2,3,1,0.3,0.03
382,13,23,0.6036852206420898,0.80858,86.37054800987244,2155.815851211548,0.8003,4403518,0.01,128,0.9,64,2,3,1,0.3,0.03
383,13,24,0.5054799528503418,0.84676,86.25976943969727,2249.7191920280457,0.829,4403518,0.01,128,0.9,64,2,3,1,0.3,0.03
384,13,25,0.4790194303894043,0.85588,86.26898694038391,2343.6311802864075,0.8363,4403518,0.01,128,0.9,64,2,3,1,0.3,0.03
385,13,26,0.46926972045898435,0.8582,86.3286395072937,2437.6841745376587,0.8353,4403518,0.01,128,0.9,64,2,3,1,0.3,0.03
386,13,27,0.4576852198028564,0.86204,86.36550164222717,2531.8059318065643,0.8388,4403518,0.01,128,0.9,64,2,3,1,0.3,0.03
387,13,28,0.45027309799194337,0.86458,86.1978349685669,2625.8777091503143,0.8348,4403518,0.01,128,0.9,64,2,3,1,0.3,0.03
388,13,29,0.4467258013153076,0.86508,86.21748805046082,2719.819542646408,0.8354,4403518,0.01,128,0.9,64,2,3,1,0.3,0.03
389,13,30,0.440973412361145,0.86712,86.25369095802307,2813.8284792900085,0.8342,4403518,0.01,128,0.9,64,2,3,1,0.3,0.03
390,14,1,0.9033548982143402,0.73048,86.44631505012512,86.69564867019653,0.4703,4403518,0.01,128,0.9,64,2,3,1,0.3,0.1
391,14,2,1.6400324194335938,0.40946,86.47456455230713,180.90889024734497,0.3248,4403518,0.01,128,0.9,64,2,3,1,0.3,0.1
392,14,3,1.7005780419921874,0.35202,86.30019402503967,274.97329688072205,0.3363,4403518,0.01,128,0.9,64,2,3,1,0.3,0.1
393,14,4,1.7608264126586914,0.32624,86.32222485542297,368.84602308273315,0.3308,4403518,0.01,128,0.9,64,2,3,1,0.3,0.1
394,14,5,1.7540718130493165,0.32802,86.19870948791504,462.7481052875519,0.32,4403518,0.01,128,0.9,64,2,3,1,0.3,0.1
395,14,6,1.7751941580200195,0.3196,86.04024600982666,556.5545544624329,0.3081,4403518,0.01,128,0.9,64,2,3,1,0.3,0.1
396,14,7,1.7651998776245117,0.32778,85.97564315795898,650.1634192466736,0.3034,4403518,0.01,128,0.9,64,2,3,1,0.3,0.1
397,14,8,1.7810603591918945,0.31716,86.00714206695557,743.9108285903931,0.3245,4403518,0.01,128,0.9,64,2,3,1,0.3,0.1
398,14,9,1.7880529489135741,0.31662,85.78996706008911,837.3516685962677,0.3232,4403518,0.01,128,0.9,64,2,3,1,0.3,0.1
399,14,10,1.792920327758789,0.31402,85.8071711063385,930.7076516151428,0.2811,4403518,0.01,128,0.9,64,2,3,1,0.3,0.1
400,14,11,1.7939126641845704,0.31488,85.71178269386292,1024.1957762241364,0.2837,4403518,0.01,128,0.9,64,2,3,1,0.3,0.1
401,14,12,1.8155778970336913,0.30902,85.84922385215759,1117.7045152187347,0.3039,4403518,0.01,128,0.9,64,2,3,1,0.3,0.1
402,14,13,1.683726064453125,0.35614,85.61587452888489,1211.0008487701416,0.361,4403518,0.01,128,0.9,64,2,3,1,0.3,0.1
403,14,14,1.6329108697509767,0.3747,85.696444272995,1304.2540502548218,0.3734,4403518,0.01,128,0.9,64,2,3,1,0.3,0.1
404,14,15,1.6159922366333008,0.37672,85.784588098526,1397.5894584655762,0.3614,4403518,0.01,128,0.9,64,2,3,1,0.3,0.1
405,14,16,1.601945892944336,0.3824,85.71434473991394,1490.857572555542,0.3863,4403518,0.01,128,0.9,64,2,3,1,0.3,0.1
406,14,17,1.590883981628418,0.3889,85.7598192691803,1584.2399790287018,0.3965,4403518,0.01,128,0.9,64,2,3,1,0.3,0.1
407,14,18,1.5780146057128905,0.39304,85.77140140533447,1677.6699137687683,0.3936,4403518,0.01,128,0.9,64,2,3,1,0.3,0.1
408,14,19,1.5683800765991212,0.39598,85.81882691383362,1771.1582460403442,0.416,4403518,0.01,128,0.9,64,2,3,1,0.3,0.1
409,14,20,1.5642893099975586,0.39786,85.78322005271912,1864.5491197109222,0.3918,4403518,0.01,128,0.9,64,2,3,1,0.3,0.1
410,14,21,1.5589059790039062,0.40304,85.63905739784241,1957.9175052642822,0.4066,4403518,0.01,128,0.9,64,2,3,1,0.3,0.1
411,14,22,1.5479685223388673,0.40974,85.75519132614136,2051.2883110046387,0.4034,4403518,0.01,128,0.9,64,2,3,1,0.3,0.1
412,14,23,1.5428774151611329,0.4123,85.67665338516235,2144.585469484329,0.4048,4403518,0.01,128,0.9,64,2,3,1,0.3,0.1
413,14,24,1.4835460122680664,0.44112,85.55805516242981,2237.7950716018677,0.4413,4403518,0.01,128,0.9,64,2,3,1,0.3,0.1
414,14,25,1.4668486395263671,0.44662,85.72399067878723,2331.2943069934845,0.4386,4403518,0.01,128,0.9,64,2,3,1,0.3,0.1
415,14,26,1.4621297442626953,0.44936,85.65159440040588,2424.3724608421326,0.4503,4403518,0.01,128,0.9,64,2,3,1,0.3,0.1
416,14,27,1.4551491458129884,0.45008,85.63453936576843,2517.478024482727,0.4568,4403518,0.01,128,0.9,64,2,3,1,0.3,0.1
417,14,28,1.4497782345581054,0.45304,85.6674497127533,2610.783069372177,0.4508,4403518,0.01,128,0.9,64,2,3,1,0.3,0.1
418,14,29,1.4442056591796875,0.45856,85.52504515647888,2703.8247315883636,0.4564,4403518,0.01,128,0.9,64,2,3,1,0.3,0.1
419,14,30,1.4398430670166016,0.46292,85.65296053886414,2796.945114135742,0.4586,4403518,0.01,128,0.9,64,2,3,1,0.3,0.1
420,15,1,2.050614571990967,0.24892,86.4810266494751,86.75329804420471,0.1,4403518,0.01,128,0.9,64,2,3,1,0.3,0.3
421,15,2,2.3049170361328124,0.0978,85.66824340820312,180.02369356155396,0.1,4403518,0.01,128,0.9,64,2,3,1,0.3,0.3
422,15,3,2.304917033691406,0.0978,85.62683987617493,273.22154664993286,0.1,4403518,0.01,128,0.9,64,2,3,1,0.3,0.3
423,15,4,2.304917034301758,0.0978,85.4879162311554,366.27026295661926,0.1,4403518,0.01,128,0.9,64,2,3,1,0.3,0.3
424,15,5,2.304917034301758,0.0978,85.30841851234436,459.014803647995,0.1,4403518,0.01,128,0.9,64,2,3,1,0.3,0.3
425,15,6,2.304917034301758,0.0978,84.85062313079834,551.3054957389832,0.1,4403518,0.01,128,0.9,64,2,3,1,0.3,0.3
426,15,7,2.304917034301758,0.0978,84.849937915802,643.710241317749,0.1,4403518,0.01,128,0.9,64,2,3,1,0.3,0.3
427,15,8,2.304917034301758,0.0978,85.02895665168762,736.1842865943909,0.1,4403518,0.01,128,0.9,64,2,3,1,0.3,0.3
428,15,9,2.304917034301758,0.0978,84.86439943313599,828.5007498264313,0.1,4403518,0.01,128,0.9,64,2,3,1,0.3,0.3
429,15,10,2.304917034301758,0.0978,84.88894867897034,921.1150093078613,0.1,4403518,0.01,128,0.9,64,2,3,1,0.3,0.3
430,15,11,2.304917034301758,0.0978,84.97989273071289,1013.6167600154877,0.1,4403518,0.01,128,0.9,64,2,3,1,0.3,0.3
431,15,12,2.304917034301758,0.0978,84.67430710792542,1105.7630972862244,0.1,4403518,0.01,128,0.9,64,2,3,1,0.3,0.3
432,15,13,2.304848303833008,0.09938,84.59832906723022,1197.9042193889618,0.1,4403518,0.01,128,0.9,64,2,3,1,0.3,0.3
433,15,14,2.3048262384033205,0.09924,84.66672420501709,1289.9831099510193,0.1,4403518,0.01,128,0.9,64,2,3,1,0.3,0.3
434,15,15,2.3048233850097657,0.0974,84.62569332122803,1382.0239434242249,0.1,4403518,0.01,128,0.9,64,2,3,1,0.3,0.3
435,15,16,2.304822866821289,0.09614,84.66669750213623,1474.1746249198914,0.1,4403518,0.01,128,0.9,64,2,3,1,0.3,0.3
436,15,17,2.3048227392578124,0.09608,84.64918351173401,1566.259922504425,0.1,4403518,0.01,128,0.9,64,2,3,1,0.3,0.3
437,15,18,2.304822748413086,0.09598,84.72930455207825,1658.5079927444458,0.1,4403518,0.01,128,0.9,64,2,3,1,0.3,0.3
438,15,19,2.3048227154541014,0.09598,84.83081865310669,1750.94979763031,0.1,4403518,0.01,128,0.9,64,2,3,1,0.3,0.3
439,15,20,2.3048227142333984,0.09598,84.75521159172058,1843.174866437912,0.1,4403518,0.01,128,0.9,64,2,3,1,0.3,0.3
440,15,21,2.3048227209472656,0.09598,84.80254554748535,1935.4178066253662,0.1,4403518,0.01,128,0.9,64,2,3,1,0.3,0.3
441,15,22,2.304822725830078,0.09598,84.83546280860901,2027.8711957931519,0.1,4403518,0.01,128,0.9,64,2,3,1,0.3,0.3
442,15,23,2.304822724609375,0.09598,84.83012628555298,2120.2650921344757,0.1,4403518,0.01,128,0.9,64,2,3,1,0.3,0.3
443,15,24,2.3048003466796874,0.1,84.98071575164795,2212.8581080436707,0.1,4403518,0.01,128,0.9,64,2,3,1,0.3,0.3
444,15,25,2.3047999963378905,0.1,84.83558464050293,2305.1048395633698,0.1,4403518,0.01,128,0.9,64,2,3,1,0.3,0.3
445,15,26,2.3047997412109376,0.1,84.87255048751831,2397.3512783050537,0.1,4403518,0.01,128,0.9,64,2,3,1,0.3,0.3
446,15,27,2.304799548950195,0.1,84.98348593711853,2489.867618560791,0.1,4403518,0.01,128,0.9,64,2,3,1,0.3,0.3
447,15,28,2.3047993658447266,0.1,84.8574709892273,2582.24195933342,0.1,4403518,0.01,128,0.9,64,2,3,1,0.3,0.3
448,15,29,2.304799244995117,0.1,84.94081997871399,2674.552078485489,0.1,4403518,0.01,128,0.9,64,2,3,1,0.3,0.3
449,15,30,2.3047991650390625,0.1,84.89796423912048,2766.9938554763794,0.1,4403518,0.01,128,0.9,64,2,3,1,0.3,0.3
