,run,epoch,loss,train_accuracy,epoch duration,run duration,test_accuracy,total parameters,lr,batch_size,momentum,weight_decay,p,num_drop_layers,pretrained
0,1,1,1.297954027,0.5774,42.43458223,46.07525229,0.7578,11181642,0.001,32,0.9,0.001,0.1,1,"[True, 'all']"
1,1,2,0.681963456,0.7584,40.87134695,121.3592415,0.6294,11181642,0.001,32,0.9,0.001,0.1,1,"[True, 'all']"
2,1,3,0.419679977,0.8498,40.91574931,194.9845779,0.7816,11181642,0.001,32,0.9,0.001,0.1,1,"[True, 'all']"
3,1,4,0.319178363,0.8866,40.75983071,268.7701583,0.8128,11181642,0.001,32,0.9,0.001,0.1,1,"[True, 'all']"
4,1,5,0.19736105,0.9306,40.96818471,342.9263432,0.8176,11181642,0.001,32,0.9,0.001,0.1,1,"[True, 'all']"
5,1,6,0.166655298,0.9428,40.81160092,417.0419099,0.8165,11181642,0.001,32,0.9,0.001,0.1,1,"[True, 'all']"
6,1,7,0.112673569,0.9594,40.81339431,491.1692402,0.8299,11181642,0.001,32,0.9,0.001,0.1,1,"[True, 'all']"
7,1,8,0.095817637,0.968,40.9021585,565.5399637,0.8585,11181642,0.001,32,0.9,0.001,0.1,1,"[True, 'all']"
8,1,9,0.039803583,0.9886,40.87356853,639.7324269,0.8863,11181642,0.001,32,0.9,0.001,0.1,1,"[True, 'all']"
9,1,10,0.040424354,0.9876,40.84792423,714.0029967,0.8829,11181642,0.001,32,0.9,0.001,0.1,1,"[True, 'all']"
10,1,11,0.018416157,0.9944,40.7819078,788.2376175,0.8842,11181642,0.001,32,0.9,0.001,0.1,1,"[True, 'all']"
11,1,12,0.011976961,0.997,40.86252141,863.591224,0.891,11181642,0.001,32,0.9,0.001,0.1,1,"[True, 'all']"
12,1,13,0.013826599,0.996,40.85189652,937.9096496,0.8918,11181642,0.001,32,0.9,0.001,0.1,1,"[True, 'all']"
13,1,14,0.007474524,0.998,40.80997753,1012.419532,0.8801,11181642,0.001,32,0.9,0.001,0.1,1,"[True, 'all']"
14,1,15,0.002948497,0.9996,40.79450679,1086.901838,0.8971,11181642,0.001,32,0.9,0.001,0.1,1,"[True, 'all']"
15,1,16,0.00230199,0.9994,40.82863879,1161.376497,0.9002,11181642,0.001,32,0.9,0.001,0.1,1,"[True, 'all']"
16,1,17,0.000917062,1,40.80465102,1235.710477,0.9033,11181642,0.001,32,0.9,0.001,0.1,1,"[True, 'all']"
17,1,18,0.00045613,1,40.83060837,1310.137816,0.9029,11181642,0.001,32,0.9,0.001,0.1,1,"[True, 'all']"
18,1,19,0.000361107,1,40.80925179,1384.395588,0.9005,11181642,0.001,32,0.9,0.001,0.1,1,"[True, 'all']"
19,1,20,0.000281218,1,40.82591105,1458.758631,0.9025,11181642,0.001,32,0.9,0.001,0.1,1,"[True, 'all']"
20,1,21,0.000254952,1,40.80166936,1533.305729,0.9026,11181642,0.001,32,0.9,0.001,0.1,1,"[True, 'all']"
21,1,22,0.000251218,1,40.8598702,1607.648943,0.9026,11181642,0.001,32,0.9,0.001,0.1,1,"[True, 'all']"
22,1,23,0.000243752,1,40.85672903,1682.014067,0.9028,11181642,0.001,32,0.9,0.001,0.1,1,"[True, 'all']"
23,1,24,0.000231836,1,40.86316586,1756.480377,0.904,11181642,0.001,32,0.9,0.001,0.1,1,"[True, 'all']"
24,1,25,0.000263652,1,40.91588163,1830.975366,0.9029,11181642,0.001,32,0.9,0.001,0.1,1,"[True, 'all']"
25,1,26,0.000261062,1,40.86321139,1905.791822,0.9027,11181642,0.001,32,0.9,0.001,0.1,1,"[True, 'all']"
26,1,27,0.000266758,1,40.89455795,1980.558401,0.9023,11181642,0.001,32,0.9,0.001,0.1,1,"[True, 'all']"
27,1,28,0.000240884,1,40.88557363,2054.910228,0.9026,11181642,0.001,32,0.9,0.001,0.1,1,"[True, 'all']"
28,1,29,0.000260039,1,40.90897536,2129.494191,0.9033,11181642,0.001,32,0.9,0.001,0.1,1,"[True, 'all']"
29,1,30,0.000243626,1,40.85025215,2203.827326,0.9022,11181642,0.001,32,0.9,0.001,0.1,1,"[True, 'all']"
30,2,1,1.32453138,0.5608,41.95388818,43.58881164,0.7762,11181642,0.001,32,0.9,0.001,0.1,2,"[True, 'all']"
31,2,2,0.664773328,0.769,40.80540133,117.9907529,0.6135,11181642,0.001,32,0.9,0.001,0.1,2,"[True, 'all']"
32,2,3,0.428511771,0.855,40.83540893,192.3585145,0.7367,11181642,0.001,32,0.9,0.001,0.1,2,"[True, 'all']"
33,2,4,0.284367107,0.8994,40.83044338,266.6714447,0.7837,11181642,0.001,32,0.9,0.001,0.1,2,"[True, 'all']"
34,2,5,0.201321514,0.93,40.85792947,341.1794119,0.8028,11181642,0.001,32,0.9,0.001,0.1,2,"[True, 'all']"
35,2,6,0.149599541,0.9472,40.84421587,415.5602434,0.8534,11181642,0.001,32,0.9,0.001,0.1,2,"[True, 'all']"
36,2,7,0.117088808,0.958,40.85760951,489.8989301,0.8607,11181642,0.001,32,0.9,0.001,0.1,2,"[True, 'all']"
37,2,8,0.064075976,0.9796,40.84915304,564.4768531,0.8655,11181642,0.001,32,0.9,0.001,0.1,2,"[True, 'all']"
38,2,9,0.062665567,0.98,40.88666916,638.9527261,0.8348,11181642,0.001,32,0.9,0.001,0.1,2,"[True, 'all']"
39,2,10,0.029242081,0.99,40.83118486,713.4030974,0.8584,11181642,0.001,32,0.9,0.001,0.1,2,"[True, 'all']"
40,2,11,0.0249525,0.9936,40.87475228,787.8260095,0.8947,11181642,0.001,32,0.9,0.001,0.1,2,"[True, 'all']"
41,2,12,0.012108931,0.9966,40.88184452,862.4373083,0.8956,11181642,0.001,32,0.9,0.001,0.1,2,"[True, 'all']"
42,2,13,0.003132413,0.9996,40.87982512,936.8649435,0.8937,11181642,0.001,32,0.9,0.001,0.1,2,"[True, 'all']"
43,2,14,0.004255089,0.9988,40.87651777,1011.18602,0.8979,11181642,0.001,32,0.9,0.001,0.1,2,"[True, 'all']"
44,2,15,0.002868579,0.9994,40.93779397,1085.947398,0.9,11181642,0.001,32,0.9,0.001,0.1,2,"[True, 'all']"
45,2,16,0.010691517,0.9966,40.87979674,1160.379761,0.8811,11181642,0.001,32,0.9,0.001,0.1,2,"[True, 'all']"
46,2,17,0.005390766,0.9992,40.89514732,1235.030724,0.8981,11181642,0.001,32,0.9,0.001,0.1,2,"[True, 'all']"
47,2,18,0.001380681,1,40.87852097,1309.448457,0.9002,11181642,0.001,32,0.9,0.001,0.1,2,"[True, 'all']"
48,2,19,0.001352661,0.9998,40.88506126,1384.063346,0.8951,11181642,0.001,32,0.9,0.001,0.1,2,"[True, 'all']"
49,2,20,0.000739547,1,40.89709139,1458.566592,0.8998,11181642,0.001,32,0.9,0.001,0.1,2,"[True, 'all']"
50,2,21,0.000376585,1,40.89903426,1532.968102,0.9019,11181642,0.001,32,0.9,0.001,0.1,2,"[True, 'all']"
51,2,22,0.000309833,1,40.90978694,1607.380263,0.9035,11181642,0.001,32,0.9,0.001,0.1,2,"[True, 'all']"
52,2,23,0.0002776,1,40.88556027,1681.933846,0.9032,11181642,0.001,32,0.9,0.001,0.1,2,"[True, 'all']"
53,2,24,0.000273392,1,40.88483167,1756.471922,0.9015,11181642,0.001,32,0.9,0.001,0.1,2,"[True, 'all']"
54,2,25,0.000290073,1,40.87903118,1830.97776,0.9056,11181642,0.001,32,0.9,0.001,0.1,2,"[True, 'all']"
55,2,26,0.000261298,1,40.91977143,1905.441008,0.9017,11181642,0.001,32,0.9,0.001,0.1,2,"[True, 'all']"
56,2,27,0.000266972,1,40.88294983,1980.108295,0.9034,11181642,0.001,32,0.9,0.001,0.1,2,"[True, 'all']"
57,2,28,0.000247251,1,40.87772632,2054.446428,0.9047,11181642,0.001,32,0.9,0.001,0.1,2,"[True, 'all']"
58,2,29,0.000302379,1,40.89374399,2128.954278,0.9018,11181642,0.001,32,0.9,0.001,0.1,2,"[True, 'all']"
59,2,30,0.00027367,1,40.85679674,2203.372289,0.9026,11181642,0.001,32,0.9,0.001,0.1,2,"[True, 'all']"
60,3,1,1.352164591,0.5604,42.01318812,43.73575401,0.79,11181642,0.001,32,0.9,0.001,0.1,3,"[True, 'all']"
61,3,2,0.729586094,0.7514,40.96205544,118.2219386,0.5919,11181642,0.001,32,0.9,0.001,0.1,3,"[True, 'all']"
62,3,3,0.43117036,0.8504,40.91239786,193.2796159,0.7834,11181642,0.001,32,0.9,0.001,0.1,3,"[True, 'all']"
63,3,4,0.296177865,0.897,40.93058228,267.5949259,0.7392,11181642,0.001,32,0.9,0.001,0.1,3,"[True, 'all']"
64,3,5,0.230296873,0.922,40.88207531,341.7689984,0.8231,11181642,0.001,32,0.9,0.001,0.1,3,"[True, 'all']"
65,3,6,0.173397873,0.9364,40.9226985,416.1180885,0.8445,11181642,0.001,32,0.9,0.001,0.1,3,"[True, 'all']"
66,3,7,0.119466188,0.959,40.88512111,490.5438137,0.8465,11181642,0.001,32,0.9,0.001,0.1,3,"[True, 'all']"
67,3,8,0.090394741,0.9688,40.8188231,564.9548306,0.8365,11181642,0.001,32,0.9,0.001,0.1,3,"[True, 'all']"
68,3,9,0.081495984,0.9714,40.81654382,639.2179921,0.8222,11181642,0.001,32,0.9,0.001,0.1,3,"[True, 'all']"
69,3,10,0.037774348,0.9884,40.83993912,713.5154822,0.8823,11181642,0.001,32,0.9,0.001,0.1,3,"[True, 'all']"
70,3,11,0.049427915,0.9818,40.88233542,787.743377,0.8753,11181642,0.001,32,0.9,0.001,0.1,3,"[True, 'all']"
71,3,12,0.04317463,0.984,40.86812687,862.1004581,0.8801,11181642,0.001,32,0.9,0.001,0.1,3,"[True, 'all']"
72,3,13,0.013390014,0.996,40.93064046,936.7898474,0.8751,11181642,0.001,32,0.9,0.001,0.1,3,"[True, 'all']"
73,3,14,0.005318342,0.9994,40.86429644,1011.316243,0.8951,11181642,0.001,32,0.9,0.001,0.1,3,"[True, 'all']"
74,3,15,0.00818372,0.998,40.85811853,1085.60502,0.8846,11181642,0.001,32,0.9,0.001,0.1,3,"[True, 'all']"
75,3,16,0.003639609,0.9986,41.07983923,1161.07495,0.8828,11181642,0.001,32,0.9,0.001,0.1,3,"[True, 'all']"
76,3,17,0.009268188,0.9968,41.0656476,1235.949208,0.8922,11181642,0.001,32,0.9,0.001,0.1,3,"[True, 'all']"
77,3,18,0.003443438,0.9994,41.06817007,1311.040767,0.8969,11181642,0.001,32,0.9,0.001,0.1,3,"[True, 'all']"
78,3,19,0.00178489,0.9998,40.98078799,1385.76636,0.9035,11181642,0.001,32,0.9,0.001,0.1,3,"[True, 'all']"
79,3,20,0.000667485,1,41.39176583,1463.705245,0.8987,11181642,0.001,32,0.9,0.001,0.1,3,"[True, 'all']"
80,3,21,0.001219369,1,40.23809171,1540.020131,0.897,11181642,0.001,32,0.9,0.001,0.1,3,"[True, 'all']"
81,3,22,0.000520588,1,41.07612681,1616.904974,0.9002,11181642,0.001,32,0.9,0.001,0.1,3,"[True, 'all']"
82,3,23,0.000294164,1,41.23144007,1692.08506,0.9016,11181642,0.001,32,0.9,0.001,0.1,3,"[True, 'all']"
83,3,24,0.000464464,1,41.12084723,1768.216447,0.9032,11181642,0.001,32,0.9,0.001,0.1,3,"[True, 'all']"
84,3,25,0.000365827,1,41.15649986,1844.050752,0.9023,11181642,0.001,32,0.9,0.001,0.1,3,"[True, 'all']"
85,3,26,0.000314192,1,40.93990874,1920.326885,0.9002,11181642,0.001,32,0.9,0.001,0.1,3,"[True, 'all']"
86,3,27,0.000308732,1,38.81406665,1993.87209,0.9008,11181642,0.001,32,0.9,0.001,0.1,3,"[True, 'all']"
87,3,28,0.00048211,1,40.86620879,2067.930606,0.9026,11181642,0.001,32,0.9,0.001,0.1,3,"[True, 'all']"
88,3,29,0.000357698,1,40.95755982,2141.830097,0.8995,11181642,0.001,32,0.9,0.001,0.1,3,"[True, 'all']"
89,3,30,0.000281291,1,41.12590146,2216.43257,0.9046,11181642,0.001,32,0.9,0.001,0.1,3,"[True, 'all']"
90,4,1,1.42806239,0.5346,42.31883144,43.89864135,0.7564,11181642,0.001,32,0.9,0.001,0.1,4,"[True, 'all']"
91,4,2,0.793923061,0.7226,41.15737605,118.8646421,0.6263,11181642,0.001,32,0.9,0.001,0.1,4,"[True, 'all']"
92,4,3,0.478424363,0.8346,41.49901056,193.4313676,0.7284,11181642,0.001,32,0.9,0.001,0.1,4,"[True, 'all']"
93,4,4,0.344300081,0.8854,41.44224548,270.2344732,0.7843,11181642,0.001,32,0.9,0.001,0.1,4,"[True, 'all']"
94,4,5,0.233115256,0.9194,41.55487084,345.5291419,0.8418,11181642,0.001,32,0.9,0.001,0.1,4,"[True, 'all']"
95,4,6,0.19609415,0.9304,41.26259995,419.9121957,0.8178,11181642,0.001,32,0.9,0.001,0.1,4,"[True, 'all']"
96,4,7,0.144363721,0.9496,41.26136446,494.4077122,0.8213,11181642,0.001,32,0.9,0.001,0.1,4,"[True, 'all']"
97,4,8,0.117285865,0.958,41.16351891,568.781446,0.8495,11181642,0.001,32,0.9,0.001,0.1,4,"[True, 'all']"
98,4,9,0.090399383,0.9696,41.27026653,643.2534332,0.8492,11181642,0.001,32,0.9,0.001,0.1,4,"[True, 'all']"
99,4,10,0.056333627,0.9814,41.26469469,718.3926055,0.8743,11181642,0.001,32,0.9,0.001,0.1,4,"[True, 'all']"
100,4,11,0.042181979,0.9872,41.41308451,793.6171768,0.8748,11181642,0.001,32,0.9,0.001,0.1,4,"[True, 'all']"
101,4,12,0.031558179,0.9904,40.95487237,867.3713329,0.8745,11181642,0.001,32,0.9,0.001,0.1,4,"[True, 'all']"
102,4,13,0.030132468,0.991,41.12625718,941.4247839,0.8866,11181642,0.001,32,0.9,0.001,0.1,4,"[True, 'all']"
103,4,14,0.025110474,0.9928,41.18190169,1015.607454,0.8888,11181642,0.001,32,0.9,0.001,0.1,4,"[True, 'all']"
104,4,15,0.007529479,0.9988,41.02287722,1089.76617,0.8909,11181642,0.001,32,0.9,0.001,0.1,4,"[True, 'all']"
105,4,16,0.005215911,0.999,40.90160155,1163.456926,0.8877,11181642,0.001,32,0.9,0.001,0.1,4,"[True, 'all']"
106,4,17,0.002987963,0.9996,40.93651962,1237.064168,0.8956,11181642,0.001,32,0.9,0.001,0.1,4,"[True, 'all']"
107,4,18,0.00242567,0.9996,40.92558694,1310.733086,0.8955,11181642,0.001,32,0.9,0.001,0.1,4,"[True, 'all']"
108,4,19,0.022952055,0.992,40.93916941,1384.367882,0.8876,11181642,0.001,32,0.9,0.001,0.1,4,"[True, 'all']"
109,4,20,0.002554228,0.9998,40.90885425,1457.841739,0.8956,11181642,0.001,32,0.9,0.001,0.1,4,"[True, 'all']"
110,4,21,0.001126926,1,40.92566538,1531.338844,0.9019,11181642,0.001,32,0.9,0.001,0.1,4,"[True, 'all']"
111,4,22,0.000834862,1,41.86708474,1605.922373,0.9011,11181642,0.001,32,0.9,0.001,0.1,4,"[True, 'all']"
112,4,23,0.000527079,1,41.38957882,1683.547858,0.9013,11181642,0.001,32,0.9,0.001,0.1,4,"[True, 'all']"
113,4,24,0.000554918,1,41.35610962,1758.71056,0.8987,11181642,0.001,32,0.9,0.001,0.1,4,"[True, 'all']"
114,4,25,0.000707464,1,39.79320455,1835.632517,0.9,11181642,0.001,32,0.9,0.001,0.1,4,"[True, 'all']"
115,4,26,0.000403842,1,41.49802279,1912.176003,0.9007,11181642,0.001,32,0.9,0.001,0.1,4,"[True, 'all']"
116,4,27,0.000540423,1,41.25289726,1988.680232,0.9014,11181642,0.001,32,0.9,0.001,0.1,4,"[True, 'all']"
117,4,28,0.000314452,1,41.60266089,2066.383271,0.9025,11181642,0.001,32,0.9,0.001,0.1,4,"[True, 'all']"
118,4,29,0.000370343,1,41.16998124,2144.036623,0.8995,11181642,0.001,32,0.9,0.001,0.1,4,"[True, 'all']"
119,4,30,0.000378337,1,41.21234179,2219.985066,0.9016,11181642,0.001,32,0.9,0.001,0.1,4,"[True, 'all']"
120,5,1,1.440567624,0.5176,42.29280949,43.96637368,0.7444,11181642,0.001,32,0.9,0.001,0.1,5,"[True, 'all']"
121,5,2,0.784931541,0.7316,41.22319126,118.7797627,0.6321,11181642,0.001,32,0.9,0.001,0.1,5,"[True, 'all']"
122,5,3,0.49662871,0.8308,41.21091413,193.4751577,0.6433,11181642,0.001,32,0.9,0.001,0.1,5,"[True, 'all']"
123,5,4,0.379507514,0.87,41.21874499,268.3799024,0.7608,11181642,0.001,32,0.9,0.001,0.1,5,"[True, 'all']"
124,5,5,0.238890391,0.9126,41.1935184,343.2882633,0.8211,11181642,0.001,32,0.9,0.001,0.1,5,"[True, 'all']"
125,5,6,0.231192334,0.9134,41.19919038,417.9854052,0.8112,11181642,0.001,32,0.9,0.001,0.1,5,"[True, 'all']"
126,5,7,0.173170823,0.9364,41.21444726,492.8701534,0.8432,11181642,0.001,32,0.9,0.001,0.1,5,"[True, 'all']"
127,5,8,0.121889328,0.9546,41.24261379,567.9153702,0.8427,11181642,0.001,32,0.9,0.001,0.1,5,"[True, 'all']"
128,5,9,0.101375944,0.966,41.22704649,642.9339395,0.8692,11181642,0.001,32,0.9,0.001,0.1,5,"[True, 'all']"
129,5,10,0.088238457,0.9722,41.17141938,717.6672449,0.8691,11181642,0.001,32,0.9,0.001,0.1,5,"[True, 'all']"
130,5,11,0.048767282,0.984,41.27298689,792.8575583,0.8264,11181642,0.001,32,0.9,0.001,0.1,5,"[True, 'all']"
131,5,12,0.053574648,0.981,41.23594189,867.8183374,0.8791,11181642,0.001,32,0.9,0.001,0.1,5,"[True, 'all']"
132,5,13,0.039610856,0.9882,41.24528956,942.6867359,0.8806,11181642,0.001,32,0.9,0.001,0.1,5,"[True, 'all']"
133,5,14,0.02968851,0.99,41.17742705,1017.608334,0.8685,11181642,0.001,32,0.9,0.001,0.1,5,"[True, 'all']"
134,5,15,0.026012839,0.9912,41.26256061,1092.592714,0.8823,11181642,0.001,32,0.9,0.001,0.1,5,"[True, 'all']"
135,5,16,0.024144147,0.9918,41.23406363,1167.477843,0.8598,11181642,0.001,32,0.9,0.001,0.1,5,"[True, 'all']"
136,5,17,0.01485345,0.9954,41.1215539,1242.544739,0.8921,11181642,0.001,32,0.9,0.001,0.1,5,"[True, 'all']"
137,5,18,0.008927693,0.9978,41.16959882,1317.633627,0.8969,11181642,0.001,32,0.9,0.001,0.1,5,"[True, 'all']"
138,5,19,0.012638152,0.9956,41.22698545,1392.638309,0.8701,11181642,0.001,32,0.9,0.001,0.1,5,"[True, 'all']"
139,5,20,0.014458139,0.9952,41.15296006,1467.43318,0.8794,11181642,0.001,32,0.9,0.001,0.1,5,"[True, 'all']"
140,5,21,0.008940849,0.9976,41.23587227,1542.287045,0.8934,11181642,0.001,32,0.9,0.001,0.1,5,"[True, 'all']"
141,5,22,0.003155695,0.9992,41.23119807,1617.158308,0.9005,11181642,0.001,32,0.9,0.001,0.1,5,"[True, 'all']"
142,5,23,0.002899874,0.999,41.20497823,1692.013943,0.8939,11181642,0.001,32,0.9,0.001,0.1,5,"[True, 'all']"
143,5,24,0.001864258,0.9994,41.31212521,1767.309272,0.8956,11181642,0.001,32,0.9,0.001,0.1,5,"[True, 'all']"
144,5,25,0.000831061,1,41.50469851,1841.397767,0.8925,11181642,0.001,32,0.9,0.001,0.1,5,"[True, 'all']"
145,5,26,0.016299266,0.9944,41.3800714,1915.370533,0.8872,11181642,0.001,32,0.9,0.001,0.1,5,"[True, 'all']"
146,5,27,0.011828856,0.9962,41.41354156,1989.570302,0.8755,11181642,0.001,32,0.9,0.001,0.1,5,"[True, 'all']"
147,5,28,0.003198005,0.9996,41.47135758,2063.718194,0.9008,11181642,0.001,32,0.9,0.001,0.1,5,"[True, 'all']"
148,5,29,0.001162811,1,41.35780048,2137.745654,0.8983,11181642,0.001,32,0.9,0.001,0.1,5,"[True, 'all']"
149,5,30,0.00085231,1,41.43567777,2211.725598,0.8998,11181642,0.001,32,0.9,0.001,0.1,5,"[True, 'all']"
150,6,1,1.32962598,0.5624,42.11997986,43.78067994,0.7817,11181642,0.001,32,0.9,0.001,0.2,1,"[True, 'all']"
151,6,2,0.730242594,0.7492,41.06140733,117.187449,0.6461,11181642,0.001,32,0.9,0.001,0.2,1,"[True, 'all']"
152,6,3,0.423494095,0.8578,40.98350334,190.3908713,0.7798,11181642,0.001,32,0.9,0.001,0.2,1,"[True, 'all']"
153,6,4,0.282849195,0.9028,41.01705575,263.9644055,0.791,11181642,0.001,32,0.9,0.001,0.2,1,"[True, 'all']"
154,6,5,0.225616101,0.9238,41.02392173,337.0987473,0.7969,11181642,0.001,32,0.9,0.001,0.2,1,"[True, 'all']"
155,6,6,0.17927854,0.9374,41.06011009,410.4571297,0.7625,11181642,0.001,32,0.9,0.001,0.2,1,"[True, 'all']"
156,6,7,0.140256426,0.952,41.03220415,483.8039882,0.8409,11181642,0.001,32,0.9,0.001,0.2,1,"[True, 'all']"
157,6,8,0.11324741,0.962,41.04511213,557.1138134,0.8486,11181642,0.001,32,0.9,0.001,0.2,1,"[True, 'all']"
158,6,9,0.083578956,0.9728,41.09869933,630.4022291,0.8627,11181642,0.001,32,0.9,0.001,0.2,1,"[True, 'all']"
159,6,10,0.028752077,0.9912,41.07794046,703.8117738,0.8888,11181642,0.001,32,0.9,0.001,0.2,1,"[True, 'all']"
160,6,11,0.028714246,0.9916,41.12038827,777.3382714,0.8818,11181642,0.001,32,0.9,0.001,0.2,1,"[True, 'all']"
161,6,12,0.032548036,0.9904,41.08195686,850.5722716,0.8807,11181642,0.001,32,0.9,0.001,0.2,1,"[True, 'all']"
162,6,13,0.011850738,0.9976,40.97612309,923.7344315,0.8858,11181642,0.001,32,0.9,0.001,0.2,1,"[True, 'all']"
163,6,14,0.008450111,0.9974,40.9994452,996.918484,0.8937,11181642,0.001,32,0.9,0.001,0.2,1,"[True, 'all']"
164,6,15,0.008900602,0.9976,41.04112148,1070.184932,0.8904,11181642,0.001,32,0.9,0.001,0.2,1,"[True, 'all']"
165,6,16,0.004119578,0.999,41.11414599,1143.470262,0.8968,11181642,0.001,32,0.9,0.001,0.2,1,"[True, 'all']"
166,6,17,0.003847571,0.999,40.94154644,1216.776188,0.9003,11181642,0.001,32,0.9,0.001,0.2,1,"[True, 'all']"
167,6,18,0.00093819,1,41.03689098,1289.960135,0.9024,11181642,0.001,32,0.9,0.001,0.2,1,"[True, 'all']"
168,6,19,0.000502529,1,41.02348351,1363.230472,0.9014,11181642,0.001,32,0.9,0.001,0.2,1,"[True, 'all']"
169,6,20,0.000438682,1,41.08201218,1436.863887,0.9032,11181642,0.001,32,0.9,0.001,0.2,1,"[True, 'all']"
170,6,21,0.000385995,1,41.01653385,1509.973997,0.9022,11181642,0.001,32,0.9,0.001,0.2,1,"[True, 'all']"
171,6,22,0.0003557,1,40.99377012,1583.239285,0.9046,11181642,0.001,32,0.9,0.001,0.2,1,"[True, 'all']"
172,6,23,0.000392323,1,40.99340796,1656.420243,0.9013,11181642,0.001,32,0.9,0.001,0.2,1,"[True, 'all']"
173,6,24,0.000398438,1,41.00717354,1729.719085,0.9008,11181642,0.001,32,0.9,0.001,0.2,1,"[True, 'all']"
174,6,25,0.001396537,0.9998,40.99324775,1803.102441,0.9017,11181642,0.001,32,0.9,0.001,0.2,1,"[True, 'all']"
175,6,26,0.000442612,1,40.95863152,1876.170304,0.9009,11181642,0.001,32,0.9,0.001,0.2,1,"[True, 'all']"
176,6,27,0.000429447,1,40.99017239,1949.493036,0.8993,11181642,0.001,32,0.9,0.001,0.2,1,"[True, 'all']"
177,6,28,0.000324464,1,40.9226985,2022.752281,0.9036,11181642,0.001,32,0.9,0.001,0.2,1,"[True, 'all']"
178,6,29,0.000291457,1,40.93814421,2095.98409,0.9016,11181642,0.001,32,0.9,0.001,0.2,1,"[True, 'all']"
179,6,30,0.000382234,1,40.95545745,2169.151508,0.9035,11181642,0.001,32,0.9,0.001,0.2,1,"[True, 'all']"
180,7,1,1.358651255,0.5512,42.02861023,43.52064848,0.6862,11181642,0.001,32,0.9,0.001,0.2,2,"[True, 'all']"
181,7,2,0.740900273,0.7484,40.99548483,116.7849174,0.7243,11181642,0.001,32,0.9,0.001,0.2,2,"[True, 'all']"
182,7,3,0.438670811,0.8468,40.99689698,190.0884285,0.7597,11181642,0.001,32,0.9,0.001,0.2,2,"[True, 'all']"
183,7,4,0.303396214,0.8944,40.9948051,263.3320339,0.8273,11181642,0.001,32,0.9,0.001,0.2,2,"[True, 'all']"
184,7,5,0.23716581,0.919,41.01672316,336.6165819,0.7751,11181642,0.001,32,0.9,0.001,0.2,2,"[True, 'all']"
185,7,6,0.161861843,0.942,41.00595331,409.9271998,0.7877,11181642,0.001,32,0.9,0.001,0.2,2,"[True, 'all']"
186,7,7,0.138319874,0.949,41.0210166,483.2698069,0.8619,11181642,0.001,32,0.9,0.001,0.2,2,"[True, 'all']"
187,7,8,0.08767775,0.9678,41.02152443,556.6072621,0.8574,11181642,0.001,32,0.9,0.001,0.2,2,"[True, 'all']"
188,7,9,0.082079764,0.9698,41.05582452,630.1480529,0.8677,11181642,0.001,32,0.9,0.001,0.2,2,"[True, 'all']"
189,7,10,0.031011136,0.9892,41.05327463,703.5987144,0.8931,11181642,0.001,32,0.9,0.001,0.2,2,"[True, 'all']"
190,7,11,0.033307417,0.9896,41.03537059,777.2179463,0.8824,11181642,0.001,32,0.9,0.001,0.2,2,"[True, 'all']"
191,7,12,0.023469394,0.992,41.02062631,850.8551984,0.8791,11181642,0.001,32,0.9,0.001,0.2,2,"[True, 'all']"
192,7,13,0.026138229,0.9908,41.029526,924.1962764,0.8994,11181642,0.001,32,0.9,0.001,0.2,2,"[True, 'all']"
193,7,14,0.009781485,0.9976,40.99057555,997.7707453,0.8898,11181642,0.001,32,0.9,0.001,0.2,2,"[True, 'all']"
194,7,15,0.005232761,0.9982,41.03928566,1071.036873,0.8962,11181642,0.001,32,0.9,0.001,0.2,2,"[True, 'all']"
195,7,16,0.002075387,0.9998,41.0465281,1144.310642,0.899,11181642,0.001,32,0.9,0.001,0.2,2,"[True, 'all']"
196,7,17,0.000890977,1,41.05511618,1217.673369,0.8987,11181642,0.001,32,0.9,0.001,0.2,2,"[True, 'all']"
197,7,18,0.000603545,1,41.06092954,1291.173629,0.8996,11181642,0.001,32,0.9,0.001,0.2,2,"[True, 'all']"
198,7,19,0.000382561,1,41.08208251,1364.535387,0.9021,11181642,0.001,32,0.9,0.001,0.2,2,"[True, 'all']"
199,7,20,0.000478255,1,41.0438652,1437.874882,0.8992,11181642,0.001,32,0.9,0.001,0.2,2,"[True, 'all']"
200,7,21,0.000518671,1,41.00669909,1511.141306,0.8988,11181642,0.001,32,0.9,0.001,0.2,2,"[True, 'all']"
201,7,22,0.000456455,1,41.03124285,1584.353125,0.9014,11181642,0.001,32,0.9,0.001,0.2,2,"[True, 'all']"
202,7,23,0.00079101,1,41.00810647,1657.735679,0.8981,11181642,0.001,32,0.9,0.001,0.2,2,"[True, 'all']"
203,7,24,0.000391013,1,41.042027,1731.080836,0.9027,11181642,0.001,32,0.9,0.001,0.2,2,"[True, 'all']"
204,7,25,0.000407471,1,41.02146339,1804.401809,0.8993,11181642,0.001,32,0.9,0.001,0.2,2,"[True, 'all']"
205,7,26,0.00028253,1,40.97858334,1877.575319,0.9015,11181642,0.001,32,0.9,0.001,0.2,2,"[True, 'all']"
206,7,27,0.000331544,1,41.03444386,1951.144782,0.9009,11181642,0.001,32,0.9,0.001,0.2,2,"[True, 'all']"
207,7,28,0.000275533,1,41.02797842,2024.529885,0.9012,11181642,0.001,32,0.9,0.001,0.2,2,"[True, 'all']"
208,7,29,0.000326044,1,41.0427177,2097.812412,0.9015,11181642,0.001,32,0.9,0.001,0.2,2,"[True, 'all']"
209,7,30,0.000347508,1,41.06738758,2171.678217,0.9045,11181642,0.001,32,0.9,0.001,0.2,2,"[True, 'all']"
210,8,1,1.472278317,0.4994,42.25218034,43.9501195,0.7211,11181642,0.001,32,0.9,0.001,0.2,3,"[True, 'all']"
211,8,2,0.791720974,0.7264,41.10785103,117.5929575,0.6141,11181642,0.001,32,0.9,0.001,0.2,3,"[True, 'all']"
212,8,3,0.476565262,0.8374,41.16872644,191.2209063,0.7356,11181642,0.001,32,0.9,0.001,0.2,3,"[True, 'all']"
213,8,4,0.346122462,0.8846,41.14900827,264.8480575,0.8243,11181642,0.001,32,0.9,0.001,0.2,3,"[True, 'all']"
214,8,5,0.261498348,0.9086,41.17052746,338.3720901,0.835,11181642,0.001,32,0.9,0.001,0.2,3,"[True, 'all']"
215,8,6,0.237792203,0.917,41.20045924,411.8851631,0.822,11181642,0.001,32,0.9,0.001,0.2,3,"[True, 'all']"
216,8,7,0.171758444,0.9398,41.13222957,485.5010326,0.8247,11181642,0.001,32,0.9,0.001,0.2,3,"[True, 'all']"
217,8,8,0.131215228,0.9512,41.13030863,558.943918,0.816,11181642,0.001,32,0.9,0.001,0.2,3,"[True, 'all']"
218,8,9,0.100118745,0.9678,41.1532402,632.5284567,0.8448,11181642,0.001,32,0.9,0.001,0.2,3,"[True, 'all']"
219,8,10,0.065328272,0.976,41.10111356,706.0009999,0.8802,11181642,0.001,32,0.9,0.001,0.2,3,"[True, 'all']"
220,8,11,0.04789863,0.9834,41.15327716,779.5217836,0.876,11181642,0.001,32,0.9,0.001,0.2,3,"[True, 'all']"
221,8,12,0.042039461,0.985,41.15247464,853.1494393,0.8551,11181642,0.001,32,0.9,0.001,0.2,3,"[True, 'all']"
222,8,13,0.049594634,0.9834,41.17630696,926.8548577,0.8627,11181642,0.001,32,0.9,0.001,0.2,3,"[True, 'all']"
223,8,14,0.036265993,0.9876,41.20484185,1000.419414,0.8848,11181642,0.001,32,0.9,0.001,0.2,3,"[True, 'all']"
224,8,15,0.012380411,0.997,41.17492247,1073.919914,0.8888,11181642,0.001,32,0.9,0.001,0.2,3,"[True, 'all']"
225,8,16,0.014595047,0.9962,41.20619488,1147.402853,0.8862,11181642,0.001,32,0.9,0.001,0.2,3,"[True, 'all']"
226,8,17,0.00925883,0.9964,41.17681932,1220.955075,0.8857,11181642,0.001,32,0.9,0.001,0.2,3,"[True, 'all']"
227,8,18,0.014039067,0.9954,41.15806627,1294.61306,0.8846,11181642,0.001,32,0.9,0.001,0.2,3,"[True, 'all']"
228,8,19,0.022486666,0.9922,41.20258927,1368.485668,0.8764,11181642,0.001,32,0.9,0.001,0.2,3,"[True, 'all']"
229,8,20,0.045189308,0.9864,41.1662674,1442.140625,0.8869,11181642,0.001,32,0.9,0.001,0.2,3,"[True, 'all']"
230,8,21,0.010423613,0.9964,41.1654377,1515.690185,0.8696,11181642,0.001,32,0.9,0.001,0.2,3,"[True, 'all']"
231,8,22,0.007291777,0.9986,41.19735289,1589.344764,0.8884,11181642,0.001,32,0.9,0.001,0.2,3,"[True, 'all']"
232,8,23,0.002650827,0.9998,41.21781945,1662.904889,0.8945,11181642,0.001,32,0.9,0.001,0.2,3,"[True, 'all']"
233,8,24,0.001920729,0.9998,41.24312878,1736.706963,0.8965,11181642,0.001,32,0.9,0.001,0.2,3,"[True, 'all']"
234,8,25,0.0085612,0.9964,41.19666958,1810.449557,0.8907,11181642,0.001,32,0.9,0.001,0.2,3,"[True, 'all']"
235,8,26,0.008419945,0.9974,41.23272252,1884.027779,0.8745,11181642,0.001,32,0.9,0.001,0.2,3,"[True, 'all']"
236,8,27,0.005649304,0.9982,41.16677761,1957.538098,0.8863,11181642,0.001,32,0.9,0.001,0.2,3,"[True, 'all']"
237,8,28,0.001174382,0.9998,41.16128206,2031.117432,0.8936,11181642,0.001,32,0.9,0.001,0.2,3,"[True, 'all']"
238,8,29,0.001038961,1,41.19819808,2104.659503,0.8935,11181642,0.001,32,0.9,0.001,0.2,3,"[True, 'all']"
239,8,30,0.003422226,0.9994,41.16643763,2178.604496,0.8926,11181642,0.001,32,0.9,0.001,0.2,3,"[True, 'all']"
240,9,1,1.44923053,0.5094,42.36352825,43.76177359,0.7174,11181642,0.001,32,0.9,0.001,0.2,4,"[True, 'all']"
241,9,2,0.780873951,0.73,41.28070831,117.6583805,0.594,11181642,0.001,32,0.9,0.001,0.2,4,"[True, 'all']"
242,9,3,0.51224897,0.8188,41.3145113,191.4211149,0.7827,11181642,0.001,32,0.9,0.001,0.2,4,"[True, 'all']"
243,9,4,0.368636475,0.8702,41.30009556,265.3387175,0.8018,11181642,0.001,32,0.9,0.001,0.2,4,"[True, 'all']"
244,9,5,0.271090916,0.9084,41.3006041,339.0925438,0.8214,11181642,0.001,32,0.9,0.001,0.2,4,"[True, 'all']"
245,9,6,0.226159563,0.9162,41.31852484,412.9291339,0.8066,11181642,0.001,32,0.9,0.001,0.2,4,"[True, 'all']"
246,9,7,0.192648662,0.9298,41.32626367,486.7157471,0.8078,11181642,0.001,32,0.9,0.001,0.2,4,"[True, 'all']"
247,9,8,0.171239948,0.9404,41.31131005,560.4703491,0.8512,11181642,0.001,32,0.9,0.001,0.2,4,"[True, 'all']"
248,9,9,0.12202887,0.9562,41.34536886,634.3875456,0.7987,11181642,0.001,32,0.9,0.001,0.2,4,"[True, 'all']"
249,9,10,0.09175331,0.969,41.30633712,708.0523467,0.8706,11181642,0.001,32,0.9,0.001,0.2,4,"[True, 'all']"
250,9,11,0.117761131,0.9564,41.27353644,781.8679416,0.8609,11181642,0.001,32,0.9,0.001,0.2,4,"[True, 'all']"
251,9,12,0.091178901,0.9694,41.30723834,855.8597345,0.8577,11181642,0.001,32,0.9,0.001,0.2,4,"[True, 'all']"
252,9,13,0.046289615,0.9828,41.24628568,929.6941428,0.8626,11181642,0.001,32,0.9,0.001,0.2,4,"[True, 'all']"
253,9,14,0.050310131,0.982,41.26284814,1003.414238,0.8708,11181642,0.001,32,0.9,0.001,0.2,4,"[True, 'all']"
254,9,15,0.02507561,0.9918,41.28921986,1077.21155,0.872,11181642,0.001,32,0.9,0.001,0.2,4,"[True, 'all']"
255,9,16,0.029664632,0.992,41.24335933,1150.855011,0.8822,11181642,0.001,32,0.9,0.001,0.2,4,"[True, 'all']"
256,9,17,0.025165301,0.9916,41.28433657,1224.882218,0.8854,11181642,0.001,32,0.9,0.001,0.2,4,"[True, 'all']"
257,9,18,0.026562297,0.9906,41.24211693,1298.79898,0.8559,11181642,0.001,32,0.9,0.001,0.2,4,"[True, 'all']"
258,9,19,0.016001547,0.9948,41.30185843,1373.002252,0.8887,11181642,0.001,32,0.9,0.001,0.2,4,"[True, 'all']"
259,9,20,0.019204925,0.9924,41.31538796,1446.736818,0.8776,11181642,0.001,32,0.9,0.001,0.2,4,"[True, 'all']"
260,9,21,0.01529768,0.9952,41.30057287,1520.494646,0.8805,11181642,0.001,32,0.9,0.001,0.2,4,"[True, 'all']"
261,9,22,0.006947321,0.9982,41.15828109,1594.145813,0.8803,11181642,0.001,32,0.9,0.001,0.2,4,"[True, 'all']"
262,9,23,0.00637616,0.998,41.23536301,1667.931473,0.8846,11181642,0.001,32,0.9,0.001,0.2,4,"[True, 'all']"
263,9,24,0.015068912,0.994,41.22946024,1741.719887,0.8816,11181642,0.001,32,0.9,0.001,0.2,4,"[True, 'all']"
264,9,25,0.013317302,0.9952,41.20959544,1815.401437,0.8832,11181642,0.001,32,0.9,0.001,0.2,4,"[True, 'all']"
265,9,26,0.014590731,0.9954,41.18283987,1889.080373,0.8849,11181642,0.001,32,0.9,0.001,0.2,4,"[True, 'all']"
266,9,27,0.006176877,0.9978,41.23708916,1962.716837,0.8891,11181642,0.001,32,0.9,0.001,0.2,4,"[True, 'all']"
267,9,28,0.007597808,0.9978,41.20109773,2036.368215,0.8609,11181642,0.001,32,0.9,0.001,0.2,4,"[True, 'all']"
268,9,29,0.006057601,0.9982,41.28336191,2110.308475,0.8872,11181642,0.001,32,0.9,0.001,0.2,4,"[True, 'all']"
269,9,30,0.007270662,0.9972,41.24613643,2184.134007,0.8886,11181642,0.001,32,0.9,0.001,0.2,4,"[True, 'all']"
270,10,1,1.420296188,0.521,42.54539585,44.13816333,0.6569,11181642,0.001,32,0.9,0.001,0.2,5,"[True, 'all']"
271,10,2,0.857150203,0.7058,41.35589576,118.0761275,0.564,11181642,0.001,32,0.9,0.001,0.2,5,"[True, 'all']"
272,10,3,0.534393953,0.8198,41.36922383,192.0751173,0.7504,11181642,0.001,32,0.9,0.001,0.2,5,"[True, 'all']"
273,10,4,0.446183834,0.852,41.39630413,266.1380901,0.7508,11181642,0.001,32,0.9,0.001,0.2,5,"[True, 'all']"
274,10,5,0.338615745,0.8784,41.35851622,340.3433378,0.7767,11181642,0.001,32,0.9,0.001,0.2,5,"[True, 'all']"
275,10,6,0.263865696,0.9062,41.37958932,414.6185565,0.8152,11181642,0.001,32,0.9,0.001,0.2,5,"[True, 'all']"
276,10,7,0.226689811,0.9218,41.26872778,488.6753941,0.7819,11181642,0.001,32,0.9,0.001,0.2,5,"[True, 'all']"
277,10,8,0.174560732,0.9384,41.36860394,562.7593234,0.8536,11181642,0.001,32,0.9,0.001,0.2,5,"[True, 'all']"
278,10,9,0.149273784,0.9514,41.40089893,636.9894543,0.8335,11181642,0.001,32,0.9,0.001,0.2,5,"[True, 'all']"
279,10,10,0.124061959,0.9566,41.41131949,711.2449923,0.8419,11181642,0.001,32,0.9,0.001,0.2,5,"[True, 'all']"
280,10,11,0.10117856,0.9646,41.37392116,785.3863111,0.8303,11181642,0.001,32,0.9,0.001,0.2,5,"[True, 'all']"
281,10,12,0.071696941,0.9766,41.39034057,859.4443157,0.8572,11181642,0.001,32,0.9,0.001,0.2,5,"[True, 'all']"
282,10,13,0.070916818,0.976,41.38209033,933.4811051,0.8647,11181642,0.001,32,0.9,0.001,0.2,5,"[True, 'all']"
283,10,14,0.06839968,0.9794,41.39803433,1007.587434,0.8813,11181642,0.001,32,0.9,0.001,0.2,5,"[True, 'all']"
284,10,15,0.059787344,0.9798,41.44080091,1081.816604,0.8697,11181642,0.001,32,0.9,0.001,0.2,5,"[True, 'all']"
285,10,16,0.04490562,0.9844,41.47610545,1156.123936,0.8682,11181642,0.001,32,0.9,0.001,0.2,5,"[True, 'all']"
286,10,17,0.048594646,0.9818,41.47843099,1230.478503,0.8635,11181642,0.001,32,0.9,0.001,0.2,5,"[True, 'all']"
287,10,18,0.03427305,0.9884,41.45260262,1304.760176,0.8637,11181642,0.001,32,0.9,0.001,0.2,5,"[True, 'all']"
288,10,19,0.036080305,0.9886,41.47582531,1379.193999,0.8684,11181642,0.001,32,0.9,0.001,0.2,5,"[True, 'all']"
289,10,20,0.02768972,0.993,41.44358134,1453.524354,0.88,11181642,0.001,32,0.9,0.001,0.2,5,"[True, 'all']"
290,10,21,0.027796718,0.9902,41.42412543,1527.848356,0.882,11181642,0.001,32,0.9,0.001,0.2,5,"[True, 'all']"
291,10,22,0.01483796,0.9954,41.42205215,1602.181934,0.8773,11181642,0.001,32,0.9,0.001,0.2,5,"[True, 'all']"
292,10,23,0.007529331,0.9978,41.46960688,1676.429863,0.8753,11181642,0.001,32,0.9,0.001,0.2,5,"[True, 'all']"
293,10,24,0.007827221,0.998,41.43825841,1750.483925,0.858,11181642,0.001,32,0.9,0.001,0.2,5,"[True, 'all']"
294,10,25,0.007775669,0.9978,41.43826509,1824.638537,0.8628,11181642,0.001,32,0.9,0.001,0.2,5,"[True, 'all']"
295,10,26,0.026240369,0.9908,41.4503746,1898.926775,0.8747,11181642,0.001,32,0.9,0.001,0.2,5,"[True, 'all']"
296,10,27,0.011680636,0.9964,41.41583252,1973.109732,0.8856,11181642,0.001,32,0.9,0.001,0.2,5,"[True, 'all']"
297,10,28,0.014183146,0.995,41.41124845,2047.274823,0.8711,11181642,0.001,32,0.9,0.001,0.2,5,"[True, 'all']"
298,10,29,0.005969944,0.998,41.39204311,2121.460195,0.8931,11181642,0.001,32,0.9,0.001,0.2,5,"[True, 'all']"
299,10,30,0.003772037,0.9992,41.47972488,2195.651467,0.8903,11181642,0.001,32,0.9,0.001,0.2,5,"[True, 'all']"
300,11,1,1.393518976,0.5236,42.1312263,43.69222093,0.765,11181642,0.001,32,0.9,0.001,0.3,1,"[True, 'all']"
301,11,2,0.750649897,0.7392,41.06733418,116.998359,0.6857,11181642,0.001,32,0.9,0.001,0.3,1,"[True, 'all']"
302,11,3,0.439370652,0.8506,41.08706832,190.401088,0.6997,11181642,0.001,32,0.9,0.001,0.3,1,"[True, 'all']"
303,11,4,0.322392628,0.8876,41.11751628,263.8144715,0.7629,11181642,0.001,32,0.9,0.001,0.3,1,"[True, 'all']"
304,11,5,0.26259523,0.9082,41.08741713,337.2822909,0.7974,11181642,0.001,32,0.9,0.001,0.3,1,"[True, 'all']"
305,11,6,0.182916197,0.9322,41.1619451,410.8875012,0.8168,11181642,0.001,32,0.9,0.001,0.3,1,"[True, 'all']"
306,11,7,0.124202327,0.9578,41.09995198,484.2846186,0.838,11181642,0.001,32,0.9,0.001,0.3,1,"[True, 'all']"
307,11,8,0.101903733,0.9666,41.12013435,557.8135371,0.848,11181642,0.001,32,0.9,0.001,0.3,1,"[True, 'all']"
308,11,9,0.065171853,0.9782,41.08811688,631.3199692,0.8613,11181642,0.001,32,0.9,0.001,0.3,1,"[True, 'all']"
309,11,10,0.053897348,0.9808,41.08231616,704.4803495,0.8674,11181642,0.001,32,0.9,0.001,0.3,1,"[True, 'all']"
310,11,11,0.034513926,0.9904,41.06831717,777.9515011,0.8645,11181642,0.001,32,0.9,0.001,0.3,1,"[True, 'all']"
311,11,12,0.052111171,0.9818,41.10534406,851.3365481,0.8708,11181642,0.001,32,0.9,0.001,0.3,1,"[True, 'all']"
312,11,13,0.020040261,0.9938,41.09303808,925.1451232,0.8759,11181642,0.001,32,0.9,0.001,0.3,1,"[True, 'all']"
313,11,14,0.009491495,0.9974,41.07828903,998.4361768,0.8641,11181642,0.001,32,0.9,0.001,0.3,1,"[True, 'all']"
314,11,15,0.025275344,0.9916,41.15223312,1071.974759,0.8889,11181642,0.001,32,0.9,0.001,0.3,1,"[True, 'all']"
315,11,16,0.004639497,0.9994,41.14167166,1145.504837,0.8944,11181642,0.001,32,0.9,0.001,0.3,1,"[True, 'all']"
316,11,17,0.004863669,0.999,41.11411214,1218.970459,0.8951,11181642,0.001,32,0.9,0.001,0.3,1,"[True, 'all']"
317,11,18,0.004064274,0.999,41.07898045,1292.28804,0.8857,11181642,0.001,32,0.9,0.001,0.3,1,"[True, 'all']"
318,11,19,0.004878751,0.9986,41.08310676,1365.61392,0.8951,11181642,0.001,32,0.9,0.001,0.3,1,"[True, 'all']"
319,11,20,0.001547572,0.9998,41.12023544,1439.046216,0.8935,11181642,0.001,32,0.9,0.001,0.3,1,"[True, 'all']"
320,11,21,0.000741308,1,41.04293895,1512.3588,0.8976,11181642,0.001,32,0.9,0.001,0.3,1,"[True, 'all']"
321,11,22,0.003338048,0.9994,41.14789295,1585.643776,0.8921,11181642,0.001,32,0.9,0.001,0.3,1,"[True, 'all']"
322,11,23,0.000974172,1,41.13792372,1659.181143,0.8952,11181642,0.001,32,0.9,0.001,0.3,1,"[True, 'all']"
323,11,24,0.002868037,0.999,41.16737652,1732.930413,0.8904,11181642,0.001,32,0.9,0.001,0.3,1,"[True, 'all']"
324,11,25,0.000750614,1,41.12154388,1806.251872,0.8998,11181642,0.001,32,0.9,0.001,0.3,1,"[True, 'all']"
325,11,26,0.000523619,1,41.13992023,1879.654951,0.8969,11181642,0.001,32,0.9,0.001,0.3,1,"[True, 'all']"
326,11,27,0.001011645,0.9996,41.13801885,1953.365773,0.9,11181642,0.001,32,0.9,0.001,0.3,1,"[True, 'all']"
327,11,28,0.000550645,1,41.16674566,2026.70052,0.8971,11181642,0.001,32,0.9,0.001,0.3,1,"[True, 'all']"
328,11,29,0.000360458,1,41.14320302,2100.371324,0.8973,11181642,0.001,32,0.9,0.001,0.3,1,"[True, 'all']"
329,11,30,0.000303072,1,41.13691854,2173.768857,0.8998,11181642,0.001,32,0.9,0.001,0.3,1,"[True, 'all']"
330,12,1,1.483346746,0.4946,42.2620306,43.68226767,0.7676,11181642,0.001,32,0.9,0.001,0.3,2,"[True, 'all']"
331,12,2,0.75573631,0.7388,41.16658258,117.2059684,0.612,11181642,0.001,32,0.9,0.001,0.3,2,"[True, 'all']"
332,12,3,0.479108661,0.835,41.18878722,190.7672794,0.7502,11181642,0.001,32,0.9,0.001,0.3,2,"[True, 'all']"
333,12,4,0.345170584,0.8848,41.25644231,264.4909728,0.7951,11181642,0.001,32,0.9,0.001,0.3,2,"[True, 'all']"
334,12,5,0.265734596,0.9078,41.14799476,338.1602836,0.7778,11181642,0.001,32,0.9,0.001,0.3,2,"[True, 'all']"
335,12,6,0.184921407,0.9346,41.25428724,411.7620721,0.8346,11181642,0.001,32,0.9,0.001,0.3,2,"[True, 'all']"
336,12,7,0.147463771,0.9494,41.18200541,485.3291094,0.7902,11181642,0.001,32,0.9,0.001,0.3,2,"[True, 'all']"
337,12,8,0.112733643,0.9628,41.20535588,558.7533305,0.8479,11181642,0.001,32,0.9,0.001,0.3,2,"[True, 'all']"
338,12,9,0.081505214,0.9744,41.19574976,632.1400352,0.8239,11181642,0.001,32,0.9,0.001,0.3,2,"[True, 'all']"
339,12,10,0.049716996,0.9832,41.20276761,705.6494703,0.8557,11181642,0.001,32,0.9,0.001,0.3,2,"[True, 'all']"
340,12,11,0.049654567,0.982,41.18125844,779.3198717,0.8529,11181642,0.001,32,0.9,0.001,0.3,2,"[True, 'all']"
341,12,12,0.047565682,0.9834,41.21466732,852.7780204,0.8734,11181642,0.001,32,0.9,0.001,0.3,2,"[True, 'all']"
342,12,13,0.037013709,0.9884,41.17118478,926.1760471,0.8885,11181642,0.001,32,0.9,0.001,0.3,2,"[True, 'all']"
343,12,14,0.029383457,0.9906,41.21684456,999.7994206,0.8853,11181642,0.001,32,0.9,0.001,0.3,2,"[True, 'all']"
344,12,15,0.018576291,0.9946,41.17492104,1073.430571,0.8829,11181642,0.001,32,0.9,0.001,0.3,2,"[True, 'all']"
345,12,16,0.029883289,0.9902,41.26563764,1146.904479,0.8529,11181642,0.001,32,0.9,0.001,0.3,2,"[True, 'all']"
346,12,17,0.048288896,0.987,41.1527946,1220.452058,0.8903,11181642,0.001,32,0.9,0.001,0.3,2,"[True, 'all']"
347,12,18,0.00888518,0.9976,41.1832037,1294.064848,0.8846,11181642,0.001,32,0.9,0.001,0.3,2,"[True, 'all']"
348,12,19,0.003771527,0.9992,41.15292764,1367.41577,0.8969,11181642,0.001,32,0.9,0.001,0.3,2,"[True, 'all']"
349,12,20,0.004156467,0.999,41.07460046,1440.813792,0.8929,11181642,0.001,32,0.9,0.001,0.3,2,"[True, 'all']"
350,12,21,0.003697485,0.9992,40.95695829,1513.995599,0.8958,11181642,0.001,32,0.9,0.001,0.3,2,"[True, 'all']"
351,12,22,0.001979213,0.9992,41.01763582,1587.362255,0.8831,11181642,0.001,32,0.9,0.001,0.3,2,"[True, 'all']"
352,12,23,0.001985745,0.9998,40.95897627,1660.475238,0.8919,11181642,0.001,32,0.9,0.001,0.3,2,"[True, 'all']"
353,12,24,0.000945974,1,41.03822589,1733.774184,0.8963,11181642,0.001,32,0.9,0.001,0.3,2,"[True, 'all']"
354,12,25,0.002389942,0.9992,41.023453,1807.25352,0.8982,11181642,0.001,32,0.9,0.001,0.3,2,"[True, 'all']"
355,12,26,0.000449687,1,40.98552322,1880.709764,0.8981,11181642,0.001,32,0.9,0.001,0.3,2,"[True, 'all']"
356,12,27,0.000466929,1,41.01803994,1954.07079,0.8981,11181642,0.001,32,0.9,0.001,0.3,2,"[True, 'all']"
357,12,28,0.00061101,1,41.02599573,2027.580536,0.9005,11181642,0.001,32,0.9,0.001,0.3,2,"[True, 'all']"
358,12,29,0.00034782,1,40.98427939,2100.957285,0.8999,11181642,0.001,32,0.9,0.001,0.3,2,"[True, 'all']"
359,12,30,0.000467406,1,40.99212623,2174.209141,0.8964,11181642,0.001,32,0.9,0.001,0.3,2,"[True, 'all']"
360,13,1,1.492341612,0.487,42.10756087,43.77104712,0.7339,11181642,0.001,32,0.9,0.001,0.3,3,"[True, 'all']"
361,13,2,0.815297314,0.7138,41.02557111,117.3087597,0.595,11181642,0.001,32,0.9,0.001,0.3,3,"[True, 'all']"
362,13,3,0.534525865,0.821,41.09838629,190.5166914,0.7103,11181642,0.001,32,0.9,0.001,0.3,3,"[True, 'all']"
363,13,4,0.405143236,0.8622,41.10071492,263.8614154,0.7277,11181642,0.001,32,0.9,0.001,0.3,3,"[True, 'all']"
364,13,5,0.28694666,0.8996,41.11807394,337.4208024,0.8039,11181642,0.001,32,0.9,0.001,0.3,3,"[True, 'all']"
365,13,6,0.218866806,0.9224,41.10488892,410.5959859,0.8007,11181642,0.001,32,0.9,0.001,0.3,3,"[True, 'all']"
366,13,7,0.20223371,0.9306,41.15827131,483.9621499,0.8097,11181642,0.001,32,0.9,0.001,0.3,3,"[True, 'all']"
367,13,8,0.176462339,0.9396,41.16421509,557.5077946,0.8288,11181642,0.001,32,0.9,0.001,0.3,3,"[True, 'all']"
368,13,9,0.129236341,0.9572,41.16996217,630.8717086,0.8643,11181642,0.001,32,0.9,0.001,0.3,3,"[True, 'all']"
369,13,10,0.099747831,0.9672,41.12196398,704.256393,0.8547,11181642,0.001,32,0.9,0.001,0.3,3,"[True, 'all']"
370,13,11,0.092460217,0.9676,41.14769626,777.7580743,0.8372,11181642,0.001,32,0.9,0.001,0.3,3,"[True, 'all']"
371,13,12,0.072334143,0.975,41.17319751,851.0091791,0.8737,11181642,0.001,32,0.9,0.001,0.3,3,"[True, 'all']"
372,13,13,0.058242329,0.9814,41.13729525,924.4259367,0.8732,11181642,0.001,32,0.9,0.001,0.3,3,"[True, 'all']"
373,13,14,0.051644118,0.9818,41.16772008,998.122756,0.858,11181642,0.001,32,0.9,0.001,0.3,3,"[True, 'all']"
374,13,15,0.040966778,0.9844,41.16080022,1071.605117,0.8657,11181642,0.001,32,0.9,0.001,0.3,3,"[True, 'all']"
375,13,16,0.035857948,0.9892,41.13642526,1145.033212,0.8723,11181642,0.001,32,0.9,0.001,0.3,3,"[True, 'all']"
376,13,17,0.041795756,0.985,41.22046757,1218.798273,0.8556,11181642,0.001,32,0.9,0.001,0.3,3,"[True, 'all']"
377,13,18,0.026446539,0.992,41.22716379,1292.161523,0.8864,11181642,0.001,32,0.9,0.001,0.3,3,"[True, 'all']"
378,13,19,0.015057433,0.9958,41.24033141,1365.782279,0.8736,11181642,0.001,32,0.9,0.001,0.3,3,"[True, 'all']"
379,13,20,0.026478093,0.9904,41.15655017,1439.292567,0.879,11181642,0.001,32,0.9,0.001,0.3,3,"[True, 'all']"
380,13,21,0.018805558,0.9942,41.299968,1512.776298,0.8781,11181642,0.001,32,0.9,0.001,0.3,3,"[True, 'all']"
381,13,22,0.015732505,0.995,41.22260571,1586.194714,0.8764,11181642,0.001,32,0.9,0.001,0.3,3,"[True, 'all']"
382,13,23,0.02263284,0.9926,41.26605058,1659.85587,0.8681,11181642,0.001,32,0.9,0.001,0.3,3,"[True, 'all']"
383,13,24,0.009732706,0.9974,41.23219848,1733.244073,0.8852,11181642,0.001,32,0.9,0.001,0.3,3,"[True, 'all']"
384,13,25,0.034483089,0.9872,41.21700668,1806.87394,0.8599,11181642,0.001,32,0.9,0.001,0.3,3,"[True, 'all']"
385,13,26,0.007350796,0.9982,41.25725436,1880.514033,0.8859,11181642,0.001,32,0.9,0.001,0.3,3,"[True, 'all']"
386,13,27,0.005271397,0.9982,41.19338608,1953.8768,0.8913,11181642,0.001,32,0.9,0.001,0.3,3,"[True, 'all']"
387,13,28,0.011743164,0.9968,41.25954437,2027.448985,0.8902,11181642,0.001,32,0.9,0.001,0.3,3,"[True, 'all']"
388,13,29,0.002121523,0.9998,41.17526269,2101.17668,0.8965,11181642,0.001,32,0.9,0.001,0.3,3,"[True, 'all']"
389,13,30,0.001744475,0.9996,41.25339007,2174.629703,0.8945,11181642,0.001,32,0.9,0.001,0.3,3,"[True, 'all']"
390,14,1,1.508680937,0.484,42.35009861,43.77837992,0.7042,11181642,0.001,32,0.9,0.001,0.3,4,"[True, 'all']"
391,14,2,0.877997614,0.6936,41.2971375,117.4732535,0.6011,11181642,0.001,32,0.9,0.001,0.3,4,"[True, 'all']"
392,14,3,0.590879159,0.7992,41.27855134,191.2768509,0.7081,11181642,0.001,32,0.9,0.001,0.3,4,"[True, 'all']"
393,14,4,0.496210102,0.8344,41.26363707,264.9103866,0.7014,11181642,0.001,32,0.9,0.001,0.3,4,"[True, 'all']"
394,14,5,0.352757211,0.877,41.24273467,338.4398048,0.7795,11181642,0.001,32,0.9,0.001,0.3,4,"[True, 'all']"
395,14,6,0.302272007,0.8968,41.22983408,411.9862425,0.7651,11181642,0.001,32,0.9,0.001,0.3,4,"[True, 'all']"
396,14,7,0.251966755,0.9128,41.25521255,485.4579284,0.7925,11181642,0.001,32,0.9,0.001,0.3,4,"[True, 'all']"
397,14,8,0.204487689,0.9308,41.28721309,559.0738266,0.8525,11181642,0.001,32,0.9,0.001,0.3,4,"[True, 'all']"
398,14,9,0.174685341,0.938,41.27366662,632.7211976,0.8226,11181642,0.001,32,0.9,0.001,0.3,4,"[True, 'all']"
399,14,10,0.134334581,0.9526,41.22973275,706.3321023,0.8178,11181642,0.001,32,0.9,0.001,0.3,4,"[True, 'all']"
400,14,11,0.131332774,0.9544,41.29675221,780.0692718,0.8513,11181642,0.001,32,0.9,0.001,0.3,4,"[True, 'all']"
401,14,12,0.106180722,0.962,41.27312326,853.7157934,0.8119,11181642,0.001,32,0.9,0.001,0.3,4,"[True, 'all']"
402,14,13,0.083691515,0.9708,41.27522278,927.7015378,0.8601,11181642,0.001,32,0.9,0.001,0.3,4,"[True, 'all']"
403,14,14,0.084112766,0.9728,41.25593781,1001.261113,0.8369,11181642,0.001,32,0.9,0.001,0.3,4,"[True, 'all']"
404,14,15,0.075988452,0.9738,41.30137777,1074.916508,0.8496,11181642,0.001,32,0.9,0.001,0.3,4,"[True, 'all']"
405,14,16,0.051900256,0.9826,41.19438696,1148.726758,0.8666,11181642,0.001,32,0.9,0.001,0.3,4,"[True, 'all']"
406,14,17,0.053660999,0.9826,41.08562303,1224.114711,0.864,11181642,0.001,32,0.9,0.001,0.3,4,"[True, 'all']"
407,14,18,0.05854063,0.98,41.24163651,1299.153819,0.873,11181642,0.001,32,0.9,0.001,0.3,4,"[True, 'all']"
408,14,19,0.056573996,0.9804,41.17776823,1372.982296,0.8572,11181642,0.001,32,0.9,0.001,0.3,4,"[True, 'all']"
409,14,20,0.044509083,0.986,41.17702031,1446.244538,0.8642,11181642,0.001,32,0.9,0.001,0.3,4,"[True, 'all']"
410,14,21,0.02408234,0.9904,41.19800496,1519.732189,0.861,11181642,0.001,32,0.9,0.001,0.3,4,"[True, 'all']"
411,14,22,0.026169219,0.9922,41.2182157,1593.488874,0.8625,11181642,0.001,32,0.9,0.001,0.3,4,"[True, 'all']"
412,14,23,0.024860537,0.992,41.15971875,1666.832972,0.8747,11181642,0.001,32,0.9,0.001,0.3,4,"[True, 'all']"
413,14,24,0.027453138,0.9908,41.18497157,1740.266717,0.8797,11181642,0.001,32,0.9,0.001,0.3,4,"[True, 'all']"
414,14,25,0.014503987,0.9958,41.18323946,1813.742955,0.8792,11181642,0.001,32,0.9,0.001,0.3,4,"[True, 'all']"
415,14,26,0.021296917,0.994,41.19353199,1887.263065,0.8626,11181642,0.001,32,0.9,0.001,0.3,4,"[True, 'all']"
416,14,27,0.017126935,0.9944,41.12943482,1960.654248,0.8863,11181642,0.001,32,0.9,0.001,0.3,4,"[True, 'all']"
417,14,28,0.007961552,0.9982,41.1033361,2033.964551,0.8671,11181642,0.001,32,0.9,0.001,0.3,4,"[True, 'all']"
418,14,29,0.017046784,0.995,41.23065329,2107.593589,0.8802,11181642,0.001,32,0.9,0.001,0.3,4,"[True, 'all']"
419,14,30,0.010774752,0.9966,41.13288093,2180.88746,0.8831,11181642,0.001,32,0.9,0.001,0.3,4,"[True, 'all']"
420,15,1,1.70133716,0.3936,42.40000844,43.87316227,0.6116,11181642,0.001,32,0.9,0.001,0.3,5,"[True, 'all']"
421,15,2,1.033434002,0.6358,41.32804322,117.6420398,0.4903,11181642,0.001,32,0.9,0.001,0.3,5,"[True, 'all']"
422,15,3,0.679375975,0.771,41.32050753,191.7558558,0.7043,11181642,0.001,32,0.9,0.001,0.3,5,"[True, 'all']"
423,15,4,0.515419711,0.8262,41.29001021,265.4990714,0.733,11181642,0.001,32,0.9,0.001,0.3,5,"[True, 'all']"
424,15,5,0.452130855,0.8444,41.29634452,339.2556343,0.7586,11181642,0.001,32,0.9,0.001,0.3,5,"[True, 'all']"
425,15,6,0.360987849,0.8734,41.31981373,413.2879972,0.792,11181642,0.001,32,0.9,0.001,0.3,5,"[True, 'all']"
426,15,7,0.318414558,0.8868,41.34639168,487.187552,0.8003,11181642,0.001,32,0.9,0.001,0.3,5,"[True, 'all']"
427,15,8,0.267832671,0.9072,41.36577415,561.1691592,0.7847,11181642,0.001,32,0.9,0.001,0.3,5,"[True, 'all']"
428,15,9,0.242340826,0.9148,41.34703851,635.3818698,0.8368,11181642,0.001,32,0.9,0.001,0.3,5,"[True, 'all']"
429,15,10,0.203083526,0.9324,41.36509252,709.2909243,0.8311,11181642,0.001,32,0.9,0.001,0.3,5,"[True, 'all']"
430,15,11,0.156646064,0.9448,41.30375743,783.1826639,0.8413,11181642,0.001,32,0.9,0.001,0.3,5,"[True, 'all']"
431,15,12,0.155009696,0.9484,41.31637716,857.0291007,0.8495,11181642,0.001,32,0.9,0.001,0.3,5,"[True, 'all']"
432,15,13,0.125300749,0.954,41.33376718,930.9337926,0.8267,11181642,0.001,32,0.9,0.001,0.3,5,"[True, 'all']"
433,15,14,0.103710414,0.964,41.36200166,1004.86146,0.8264,11181642,0.001,32,0.9,0.001,0.3,5,"[True, 'all']"
434,15,15,0.094066187,0.9692,41.37239361,1078.862304,0.8214,11181642,0.001,32,0.9,0.001,0.3,5,"[True, 'all']"
435,15,16,0.085958293,0.9686,41.30280232,1152.694142,0.8464,11181642,0.001,32,0.9,0.001,0.3,5,"[True, 'all']"
436,15,17,0.07905332,0.9706,41.36650848,1226.574726,0.8203,11181642,0.001,32,0.9,0.001,0.3,5,"[True, 'all']"
437,15,18,0.063394445,0.9792,41.32098508,1300.409137,0.849,11181642,0.001,32,0.9,0.001,0.3,5,"[True, 'all']"
438,15,19,0.054489173,0.981,41.32851648,1374.263699,0.8692,11181642,0.001,32,0.9,0.001,0.3,5,"[True, 'all']"
439,15,20,0.0573376,0.9804,41.36371469,1448.258158,0.8626,11181642,0.001,32,0.9,0.001,0.3,5,"[True, 'all']"
440,15,21,0.048224151,0.9846,41.41654754,1522.096998,0.8664,11181642,0.001,32,0.9,0.001,0.3,5,"[True, 'all']"
441,15,22,0.043385031,0.9842,41.41033792,1596.004193,0.8536,11181642,0.001,32,0.9,0.001,0.3,5,"[True, 'all']"
442,15,23,0.040246149,0.9872,41.43529701,1670.325542,0.8668,11181642,0.001,32,0.9,0.001,0.3,5,"[True, 'all']"
443,15,24,0.062061841,0.978,41.41806459,1744.311727,0.8561,11181642,0.001,32,0.9,0.001,0.3,5,"[True, 'all']"
444,15,25,0.032644632,0.9898,41.41448617,1818.147666,0.8657,11181642,0.001,32,0.9,0.001,0.3,5,"[True, 'all']"
445,15,26,0.037268657,0.9888,41.41052985,1892.191947,0.8512,11181642,0.001,32,0.9,0.001,0.3,5,"[True, 'all']"
446,15,27,0.02758408,0.9916,41.41499209,1966.148941,0.843,11181642,0.001,32,0.9,0.001,0.3,5,"[True, 'all']"
447,15,28,0.034741639,0.9878,41.45447898,2040.048251,0.8696,11181642,0.001,32,0.9,0.001,0.3,5,"[True, 'all']"
448,15,29,0.02979382,0.9896,41.41452289,2114.11905,0.8251,11181642,0.001,32,0.9,0.001,0.3,5,"[True, 'all']"
449,15,30,0.028739499,0.9898,41.44380903,2187.97974,0.8611,11181642,0.001,32,0.9,0.001,0.3,5,"[True, 'all']"
450,16,1,2.149170599,0.1882,42.03063202,44.39886832,0.1777,11181642,0.001,32,0.9,0.001,0.1,1,[False]
451,16,2,2.166509282,0.1852,40.92464399,117.693696,0.1,11181642,0.001,32,0.9,0.001,0.1,1,[False]
452,16,3,2.155422763,0.2,41.16377211,191.3935304,0.223,11181642,0.001,32,0.9,0.001,0.1,1,[False]
453,16,4,2.021711654,0.2422,41.01741171,267.9676862,0.2509,11181642,0.001,32,0.9,0.001,0.1,1,[False]
454,16,5,1.960108453,0.2642,38.9628365,341.7035229,0.282,11181642,0.001,32,0.9,0.001,0.1,1,[False]
455,16,6,1.901110192,0.2994,37.63353443,416.5755336,0.2946,11181642,0.001,32,0.9,0.001,0.1,1,[False]
456,16,7,1.841229767,0.3178,37.84801197,488.4992998,0.3167,11181642,0.001,32,0.9,0.001,0.1,1,[False]
457,16,8,1.791481519,0.3432,40.96983314,565.747817,0.3383,11181642,0.001,32,0.9,0.001,0.1,1,[False]
458,16,9,1.739949524,0.356,40.75753498,643.2448666,0.3251,11181642,0.001,32,0.9,0.001,0.1,1,[False]
459,16,10,1.703160067,0.3682,40.77909017,716.972636,0.3352,11181642,0.001,32,0.9,0.001,0.1,1,[False]
460,16,11,1.668096784,0.387,41.03928137,792.3396399,0.3309,11181642,0.001,32,0.9,0.001,0.1,1,[False]
461,16,12,1.636517723,0.3948,41.05723763,867.8956466,0.3279,11181642,0.001,32,0.9,0.001,0.1,1,[False]
462,16,13,1.593000821,0.4204,41.08954906,943.3444653,0.3309,11181642,0.001,32,0.9,0.001,0.1,1,[False]
463,16,14,1.574660882,0.421,41.14341474,1018.504937,0.3504,11181642,0.001,32,0.9,0.001,0.1,1,[False]
464,16,15,1.529770463,0.443,41.02386665,1093.876976,0.3511,11181642,0.001,32,0.9,0.001,0.1,1,[False]
465,16,16,1.491936784,0.4576,41.01894975,1169.399736,0.3466,11181642,0.001,32,0.9,0.001,0.1,1,[False]
466,16,17,1.464130967,0.467,41.03126121,1245.090992,0.3459,11181642,0.001,32,0.9,0.001,0.1,1,[False]
467,16,18,1.434690742,0.4738,41.02137399,1320.953217,0.3587,11181642,0.001,32,0.9,0.001,0.1,1,[False]
468,16,19,1.398904271,0.4952,41.04927278,1397.260598,0.3722,11181642,0.001,32,0.9,0.001,0.1,1,[False]
469,16,20,1.360432409,0.5088,40.96384883,1472.605504,0.379,11181642,0.001,32,0.9,0.001,0.1,1,[False]
470,16,21,1.331572421,0.5186,40.86129093,1547.83809,0.4035,11181642,0.001,32,0.9,0.001,0.1,1,[False]
471,16,22,1.303507838,0.5226,40.87736368,1623.382772,0.3986,11181642,0.001,32,0.9,0.001,0.1,1,[False]
472,16,23,1.245729629,0.5528,40.85820532,1698.543727,0.3899,11181642,0.001,32,0.9,0.001,0.1,1,[False]
473,16,24,1.18959028,0.5718,41.1352458,1773.910168,0.3566,11181642,0.001,32,0.9,0.001,0.1,1,[False]
474,16,25,1.135669978,0.5902,41.07215166,1849.386414,0.3763,11181642,0.001,32,0.9,0.001,0.1,1,[False]
475,16,26,1.058166985,0.6232,41.09371805,1924.958003,0.3395,11181642,0.001,32,0.9,0.001,0.1,1,[False]
476,16,27,1.023948573,0.6244,40.91046977,1999.212297,0.3223,11181642,0.001,32,0.9,0.001,0.1,1,[False]
477,16,28,1.013691652,0.6372,40.94355226,2074.458961,0.3583,11181642,0.001,32,0.9,0.001,0.1,1,[False]
478,16,29,0.984627352,0.654,41.08456326,2149.126368,0.3452,11181642,0.001,32,0.9,0.001,0.1,1,[False]
479,16,30,0.976969014,0.6498,40.91091967,2224.056629,0.3872,11181642,0.001,32,0.9,0.001,0.1,1,[False]
480,17,1,2.165761504,0.185,42.36872149,43.93860388,0.2161,11181642,0.001,32,0.9,0.001,0.1,2,[False]
481,17,2,2.188811415,0.178,41.17963171,120.3213058,0.1233,11181642,0.001,32,0.9,0.001,0.1,2,[False]
482,17,3,2.080434342,0.2138,41.10533118,196.7005296,0.1699,11181642,0.001,32,0.9,0.001,0.1,2,[False]
483,17,4,2.014902446,0.252,40.88132668,272.5602725,0.2539,11181642,0.001,32,0.9,0.001,0.1,2,[False]
484,17,5,1.947420654,0.28,40.90473652,347.3195009,0.2897,11181642,0.001,32,0.9,0.001,0.1,2,[False]
485,17,6,1.883858122,0.2968,40.90194917,421.8153362,0.2511,11181642,0.001,32,0.9,0.001,0.1,2,[False]
486,17,7,1.830586451,0.322,40.9849689,497.2283759,0.272,11181642,0.001,32,0.9,0.001,0.1,2,[False]
487,17,8,1.793769759,0.3376,40.99644113,573.0298774,0.2956,11181642,0.001,32,0.9,0.001,0.1,2,[False]
488,17,9,1.736068472,0.3546,40.92364573,648.0669513,0.3185,11181642,0.001,32,0.9,0.001,0.1,2,[False]
489,17,10,1.715747788,0.362,41.02958584,723.6440284,0.3146,11181642,0.001,32,0.9,0.001,0.1,2,[False]
490,17,11,1.674387535,0.3822,40.99341488,799.1068401,0.3322,11181642,0.001,32,0.9,0.001,0.1,2,[False]
491,17,12,1.631812211,0.3948,40.91472507,873.8586102,0.3604,11181642,0.001,32,0.9,0.001,0.1,2,[False]
492,17,13,1.59928183,0.4144,41.07062221,949.3738139,0.3546,11181642,0.001,32,0.9,0.001,0.1,2,[False]
493,17,14,1.568048919,0.4262,40.9703033,1024.848869,0.3615,11181642,0.001,32,0.9,0.001,0.1,2,[False]
494,17,15,1.531614999,0.441,40.93627548,1100.53437,0.3656,11181642,0.001,32,0.9,0.001,0.1,2,[False]
495,17,16,1.49127262,0.4506,41.19067526,1177.495434,0.3618,11181642,0.001,32,0.9,0.001,0.1,2,[False]
496,17,17,1.45921651,0.4676,40.93848157,1252.555077,0.3767,11181642,0.001,32,0.9,0.001,0.1,2,[False]
497,17,18,1.417622466,0.4798,40.92024589,1327.071034,0.3833,11181642,0.001,32,0.9,0.001,0.1,2,[False]
498,17,19,1.37085802,0.4998,40.84453607,1402.42132,0.3765,11181642,0.001,32,0.9,0.001,0.1,2,[False]
499,17,20,1.338401713,0.5144,41.03255725,1477.454977,0.3818,11181642,0.001,32,0.9,0.001,0.1,2,[False]
500,17,21,1.328725076,0.5154,40.82116151,1552.722972,0.3703,11181642,0.001,32,0.9,0.001,0.1,2,[False]
501,17,22,1.308082194,0.5208,40.90692186,1628.158583,0.3831,11181642,0.001,32,0.9,0.001,0.1,2,[False]
502,17,23,1.268600908,0.533,40.87458396,1703.346777,0.3815,11181642,0.001,32,0.9,0.001,0.1,2,[False]
503,17,24,1.214700246,0.5584,40.95109367,1778.184561,0.3608,11181642,0.001,32,0.9,0.001,0.1,2,[False]
504,17,25,1.183074524,0.5764,40.82159758,1853.258543,0.3266,11181642,0.001,32,0.9,0.001,0.1,2,[False]
505,17,26,1.166425945,0.578,40.89828563,1928.045612,0.3596,11181642,0.001,32,0.9,0.001,0.1,2,[False]
506,17,27,1.098069014,0.6116,40.94124269,2003.475123,0.3587,11181642,0.001,32,0.9,0.001,0.1,2,[False]
507,17,28,1.085967605,0.6106,40.78550673,2078.209738,0.3772,11181642,0.001,32,0.9,0.001,0.1,2,[False]
508,17,29,1.01040948,0.633,40.82884717,2152.416807,0.3579,11181642,0.001,32,0.9,0.001,0.1,2,[False]
509,17,30,0.991721212,0.6416,40.8168354,2226.451835,0.3545,11181642,0.001,32,0.9,0.001,0.1,2,[False]
510,18,1,2.165864337,0.1886,42.06938457,43.60361171,0.2356,11181642,0.001,32,0.9,0.001,0.1,3,[False]
511,18,2,2.132215958,0.194,40.98959351,117.8794301,0.1,11181642,0.001,32,0.9,0.001,0.1,3,[False]
512,18,3,2.126221198,0.2202,40.97445107,192.9976213,0.1685,11181642,0.001,32,0.9,0.001,0.1,3,[False]
513,18,4,2.045957812,0.2284,40.8886075,267.1147435,0.1701,11181642,0.001,32,0.9,0.001,0.1,3,[False]
514,18,5,1.998366025,0.261,40.96749401,341.4221125,0.2391,11181642,0.001,32,0.9,0.001,0.1,3,[False]
515,18,6,1.936033363,0.2816,41.00832772,415.7882593,0.2861,11181642,0.001,32,0.9,0.001,0.1,3,[False]
516,18,7,1.880141219,0.3042,40.97674322,490.3053331,0.2988,11181642,0.001,32,0.9,0.001,0.1,3,[False]
517,18,8,1.825082232,0.3334,40.97766376,564.9625425,0.3255,11181642,0.001,32,0.9,0.001,0.1,3,[False]
518,18,9,1.777594259,0.3434,41.043015,639.8162479,0.3329,11181642,0.001,32,0.9,0.001,0.1,3,[False]
519,18,10,1.742500322,0.3538,40.93409443,715.5572884,0.3243,11181642,0.001,32,0.9,0.001,0.1,3,[False]
520,18,11,1.706010007,0.3752,40.92359304,789.6617417,0.3286,11181642,0.001,32,0.9,0.001,0.1,3,[False]
521,18,12,1.672357307,0.3822,41.12671089,865.1912873,0.334,11181642,0.001,32,0.9,0.001,0.1,3,[False]
522,18,13,1.634764013,0.3934,40.95188189,942.7539058,0.3519,11181642,0.001,32,0.9,0.001,0.1,3,[False]
523,18,14,1.598851221,0.404,40.67540789,1017.251894,0.3536,11181642,0.001,32,0.9,0.001,0.1,3,[False]
524,18,15,1.557614503,0.424,40.78951097,1091.263585,0.3565,11181642,0.001,32,0.9,0.001,0.1,3,[False]
525,18,16,1.530207265,0.4282,40.78619599,1165.827506,0.3561,11181642,0.001,32,0.9,0.001,0.1,3,[False]
526,18,17,1.500250632,0.4488,40.93000007,1240.538223,0.3709,11181642,0.001,32,0.9,0.001,0.1,3,[False]
527,18,18,1.469987634,0.4636,40.93463898,1315.206062,0.3496,11181642,0.001,32,0.9,0.001,0.1,3,[False]
528,18,19,1.437706417,0.4666,40.8545444,1389.84079,0.334,11181642,0.001,32,0.9,0.001,0.1,3,[False]
529,18,20,1.411468167,0.4836,40.82320499,1463.777436,0.3405,11181642,0.001,32,0.9,0.001,0.1,3,[False]
530,18,21,1.376604736,0.4982,40.66389632,1537.727839,0.3196,11181642,0.001,32,0.9,0.001,0.1,3,[False]
531,18,22,1.343325981,0.5088,40.76437712,1611.500552,0.3186,11181642,0.001,32,0.9,0.001,0.1,3,[False]
532,18,23,1.311830662,0.5316,40.67517424,1685.088681,0.2992,11181642,0.001,32,0.9,0.001,0.1,3,[False]
533,18,24,1.269994092,0.54,40.67085385,1758.623595,0.2991,11181642,0.001,32,0.9,0.001,0.1,3,[False]
534,18,25,1.231939383,0.548,40.72386575,1832.271457,0.3009,11181642,0.001,32,0.9,0.001,0.1,3,[False]
535,18,26,1.19177141,0.5728,40.76739478,1906.290956,0.3243,11181642,0.001,32,0.9,0.001,0.1,3,[False]
536,18,27,1.159478078,0.5744,40.7086432,1980.085148,0.353,11181642,0.001,32,0.9,0.001,0.1,3,[False]
537,18,28,1.102664012,0.6,40.69959426,2053.867325,0.3394,11181642,0.001,32,0.9,0.001,0.1,3,[False]
538,18,29,1.050943229,0.6196,40.73697329,2127.40361,0.358,11181642,0.001,32,0.9,0.001,0.1,3,[False]
539,18,30,1.036330615,0.6214,40.72247028,2201.108619,0.3342,11181642,0.001,32,0.9,0.001,0.1,3,[False]
540,19,1,2.202463774,0.1658,42.01206064,43.51205015,0.1683,11181642,0.001,32,0.9,0.001,0.1,4,[False]
541,19,2,2.196525005,0.1738,40.78683877,117.478852,0.1111,11181642,0.001,32,0.9,0.001,0.1,4,[False]
542,19,3,2.079322585,0.2234,40.81275821,191.4929183,0.1787,11181642,0.001,32,0.9,0.001,0.1,4,[False]
543,19,4,2.006471447,0.2472,40.76540422,265.5194013,0.22,11181642,0.001,32,0.9,0.001,0.1,4,[False]
544,19,5,1.968354172,0.261,40.77463198,339.4693403,0.2462,11181642,0.001,32,0.9,0.001,0.1,4,[False]
545,19,6,1.910516002,0.2812,40.76743579,413.2058721,0.2287,11181642,0.001,32,0.9,0.001,0.1,4,[False]
546,19,7,1.867331221,0.2996,40.78202224,487.1391966,0.2384,11181642,0.001,32,0.9,0.001,0.1,4,[False]
547,19,8,1.842269415,0.3176,40.70549941,560.9770989,0.2555,11181642,0.001,32,0.9,0.001,0.1,4,[False]
548,19,9,1.793444289,0.3304,40.72779918,634.7787018,0.2368,11181642,0.001,32,0.9,0.001,0.1,4,[False]
549,19,10,1.760957977,0.348,40.74582982,708.7047746,0.2853,11181642,0.001,32,0.9,0.001,0.1,4,[False]
550,19,11,1.718074702,0.3622,40.75865221,782.6036313,0.2844,11181642,0.001,32,0.9,0.001,0.1,4,[False]
551,19,12,1.68909687,0.379,40.76400638,856.4113872,0.3209,11181642,0.001,32,0.9,0.001,0.1,4,[False]
552,19,13,1.661935437,0.385,40.77128291,930.3220725,0.3085,11181642,0.001,32,0.9,0.001,0.1,4,[False]
553,19,14,1.62293925,0.401,40.80136657,1004.240902,0.3213,11181642,0.001,32,0.9,0.001,0.1,4,[False]
554,19,15,1.58867495,0.4138,40.81545687,1078.167836,0.3506,11181642,0.001,32,0.9,0.001,0.1,4,[False]
555,19,16,1.563599583,0.428,40.82236767,1152.214353,0.3615,11181642,0.001,32,0.9,0.001,0.1,4,[False]
556,19,17,1.531466297,0.4346,40.81270361,1226.218093,0.3721,11181642,0.001,32,0.9,0.001,0.1,4,[False]
557,19,18,1.495744272,0.4548,40.80549741,1300.226615,0.3735,11181642,0.001,32,0.9,0.001,0.1,4,[False]
558,19,19,1.459290483,0.4628,40.80912995,1374.205305,0.3604,11181642,0.001,32,0.9,0.001,0.1,4,[False]
559,19,20,1.453392933,0.4648,40.81937313,1448.313681,0.3667,11181642,0.001,32,0.9,0.001,0.1,4,[False]
560,19,21,1.414547739,0.4902,40.79976702,1522.355891,0.3737,11181642,0.001,32,0.9,0.001,0.1,4,[False]
561,19,22,1.372205866,0.5034,40.79787469,1596.369901,0.3779,11181642,0.001,32,0.9,0.001,0.1,4,[False]
562,19,23,1.341909821,0.5146,40.80807352,1670.439759,0.3836,11181642,0.001,32,0.9,0.001,0.1,4,[False]
563,19,24,1.314546853,0.52,40.85395646,1744.476079,0.3847,11181642,0.001,32,0.9,0.001,0.1,4,[False]
564,19,25,1.277992303,0.5376,40.82362485,1818.463044,0.4029,11181642,0.001,32,0.9,0.001,0.1,4,[False]
565,19,26,1.252564724,0.5418,40.84654379,1892.473336,0.3923,11181642,0.001,32,0.9,0.001,0.1,4,[False]
566,19,27,1.237664033,0.5496,40.84488463,1966.402271,0.3748,11181642,0.001,32,0.9,0.001,0.1,4,[False]
567,19,28,1.204761171,0.5648,40.85738301,2040.561861,0.3921,11181642,0.001,32,0.9,0.001,0.1,4,[False]
568,19,29,1.174977962,0.57,40.83580422,2114.566532,0.3851,11181642,0.001,32,0.9,0.001,0.1,4,[False]
569,19,30,1.143544804,0.5846,40.8981986,2188.637424,0.385,11181642,0.001,32,0.9,0.001,0.1,4,[False]
570,20,1,2.224376514,0.1564,42.3060894,44.20510721,0.1004,11181642,0.001,32,0.9,0.001,0.1,5,[False]
571,20,2,2.228045789,0.1688,41.21153021,118.896148,0.1618,11181642,0.001,32,0.9,0.001,0.1,5,[False]
572,20,3,2.110480167,0.21,41.14175844,193.3968244,0.1901,11181642,0.001,32,0.9,0.001,0.1,5,[False]
573,20,4,2.053937696,0.2306,41.15414047,267.9110777,0.2206,11181642,0.001,32,0.9,0.001,0.1,5,[False]
574,20,5,2.011402363,0.2436,41.13681746,342.3505652,0.2475,11181642,0.001,32,0.9,0.001,0.1,5,[False]
575,20,6,1.971824426,0.2626,41.10948181,416.8298874,0.2864,11181642,0.001,32,0.9,0.001,0.1,5,[False]
576,20,7,1.923855869,0.2746,41.10094404,491.1350627,0.2761,11181642,0.001,32,0.9,0.001,0.1,5,[False]
577,20,8,1.885653012,0.2952,41.13985157,565.6217031,0.2727,11181642,0.001,32,0.9,0.001,0.1,5,[False]
578,20,9,1.852477277,0.313,41.14634323,640.2245989,0.2734,11181642,0.001,32,0.9,0.001,0.1,5,[False]
579,20,10,1.811967353,0.329,41.10407376,714.7321033,0.2703,11181642,0.001,32,0.9,0.001,0.1,5,[False]
580,20,11,1.787267673,0.3436,41.07560754,789.0588143,0.2925,11181642,0.001,32,0.9,0.001,0.1,5,[False]
581,20,12,1.734005042,0.3602,41.10290861,863.5034258,0.3113,11181642,0.001,32,0.9,0.001,0.1,5,[False]
582,20,13,1.695085182,0.3764,41.1172955,937.9147112,0.3236,11181642,0.001,32,0.9,0.001,0.1,5,[False]
583,20,14,1.664251514,0.3874,41.12876797,1012.353302,0.3357,11181642,0.001,32,0.9,0.001,0.1,5,[False]
584,20,15,1.635222077,0.396,40.97277355,1086.726584,0.3408,11181642,0.001,32,0.9,0.001,0.1,5,[False]
585,20,16,1.621503149,0.4078,40.95859957,1160.956207,0.3578,11181642,0.001,32,0.9,0.001,0.1,5,[False]
586,20,17,1.591940698,0.419,40.95498991,1235.17904,0.3675,11181642,0.001,32,0.9,0.001,0.1,5,[False]
587,20,18,1.565495662,0.427,40.8836782,1309.218048,0.3744,11181642,0.001,32,0.9,0.001,0.1,5,[False]
588,20,19,1.5411035,0.4268,40.96697068,1383.397229,0.392,11181642,0.001,32,0.9,0.001,0.1,5,[False]
589,20,20,1.508775265,0.4466,40.98465347,1457.708671,0.3817,11181642,0.001,32,0.9,0.001,0.1,5,[False]
590,20,21,1.486839795,0.4518,40.94653177,1531.807572,0.3841,11181642,0.001,32,0.9,0.001,0.1,5,[False]
591,20,22,1.458717896,0.4652,40.91099787,1606.02931,0.387,11181642,0.001,32,0.9,0.001,0.1,5,[False]
592,20,23,1.431270204,0.4742,40.94503307,1680.216515,0.4014,11181642,0.001,32,0.9,0.001,0.1,5,[False]
593,20,24,1.407455097,0.4828,40.9307096,1754.666635,0.4032,11181642,0.001,32,0.9,0.001,0.1,5,[False]
594,20,25,1.372074058,0.4956,40.95037961,1828.877927,0.4035,11181642,0.001,32,0.9,0.001,0.1,5,[False]
595,20,26,1.332033786,0.5192,40.94616485,1903.129024,0.4067,11181642,0.001,32,0.9,0.001,0.1,5,[False]
596,20,27,1.301673444,0.5226,40.95170569,1977.482433,0.4057,11181642,0.001,32,0.9,0.001,0.1,5,[False]
597,20,28,1.26750084,0.538,40.91516829,2051.750579,0.3953,11181642,0.001,32,0.9,0.001,0.1,5,[False]
598,20,29,1.22405836,0.553,40.9348557,2125.821439,0.402,11181642,0.001,32,0.9,0.001,0.1,5,[False]
599,20,30,1.194849908,0.566,40.90248036,2199.975034,0.4053,11181642,0.001,32,0.9,0.001,0.1,5,[False]
600,21,1,2.179284298,0.181,41.80215383,43.2384963,0.2078,11181642,0.001,32,0.9,0.001,0.2,1,[False]
601,21,2,2.187760614,0.177,40.60893464,116.9449456,0.1289,11181642,0.001,32,0.9,0.001,0.2,1,[False]
602,21,3,2.071973956,0.2182,40.62649727,190.5931904,0.1784,11181642,0.001,32,0.9,0.001,0.2,1,[False]
603,21,4,2.007094773,0.257,40.53619885,264.0901256,0.2294,11181642,0.001,32,0.9,0.001,0.2,1,[False]
604,21,5,1.946137653,0.2764,40.57462454,337.6643419,0.2589,11181642,0.001,32,0.9,0.001,0.2,1,[False]
605,21,6,1.877879362,0.3024,40.53334069,411.2214475,0.2706,11181642,0.001,32,0.9,0.001,0.2,1,[False]
606,21,7,1.828730013,0.3288,40.55269742,484.7338667,0.2624,11181642,0.001,32,0.9,0.001,0.2,1,[False]
607,21,8,1.796759695,0.336,40.5922606,558.3417714,0.2764,11181642,0.001,32,0.9,0.001,0.2,1,[False]
608,21,9,1.735410843,0.364,40.60047245,632.0976033,0.2809,11181642,0.001,32,0.9,0.001,0.2,1,[False]
609,21,10,1.688221467,0.3884,40.95815897,706.367722,0.2606,11181642,0.001,32,0.9,0.001,0.2,1,[False]
610,21,11,1.645014425,0.3956,40.95555258,780.8536496,0.3033,11181642,0.001,32,0.9,0.001,0.2,1,[False]
611,21,12,1.601115898,0.412,40.57896566,854.5898921,0.3428,11181642,0.001,32,0.9,0.001,0.2,1,[False]
612,21,13,1.568087291,0.4202,40.67304993,928.2606964,0.3501,11181642,0.001,32,0.9,0.001,0.2,1,[False]
613,21,14,1.529471165,0.4428,40.72890711,1001.830804,0.3538,11181642,0.001,32,0.9,0.001,0.2,1,[False]
614,21,15,1.49244888,0.449,40.66165471,1075.365541,0.3496,11181642,0.001,32,0.9,0.001,0.2,1,[False]
615,21,16,1.450087247,0.4726,40.60368896,1148.91911,0.3503,11181642,0.001,32,0.9,0.001,0.2,1,[False]
616,21,17,1.402765958,0.4848,40.65460992,1222.467972,0.3561,11181642,0.001,32,0.9,0.001,0.2,1,[False]
617,21,18,1.350887133,0.5046,40.73226714,1296.147993,0.3186,11181642,0.001,32,0.9,0.001,0.2,1,[False]
618,21,19,1.33161003,0.5176,40.63119602,1369.774448,0.3166,11181642,0.001,32,0.9,0.001,0.2,1,[False]
619,21,20,1.290317465,0.5326,40.59930873,1443.166663,0.3318,11181642,0.001,32,0.9,0.001,0.2,1,[False]
620,21,21,1.268549302,0.5446,40.65696192,1516.550719,0.3304,11181642,0.001,32,0.9,0.001,0.2,1,[False]
621,21,22,1.229906776,0.5676,40.62319255,1590.02988,0.345,11181642,0.001,32,0.9,0.001,0.2,1,[False]
622,21,23,1.21545796,0.5552,40.60975623,1663.596494,0.3202,11181642,0.001,32,0.9,0.001,0.2,1,[False]
623,21,24,1.156458205,0.5794,40.6334362,1737.100989,0.3698,11181642,0.001,32,0.9,0.001,0.2,1,[False]
624,21,25,1.125308425,0.59,40.60341978,1810.809903,0.3043,11181642,0.001,32,0.9,0.001,0.2,1,[False]
625,21,26,1.083238186,0.6048,40.58231854,1884.184525,0.3479,11181642,0.001,32,0.9,0.001,0.2,1,[False]
626,21,27,1.059386829,0.6254,40.59144425,1957.811679,0.3526,11181642,0.001,32,0.9,0.001,0.2,1,[False]
627,21,28,1.060566674,0.6194,40.59395599,2031.144082,0.3602,11181642,0.001,32,0.9,0.001,0.2,1,[False]
628,21,29,1.026754302,0.6322,40.58089995,2104.629014,0.3557,11181642,0.001,32,0.9,0.001,0.2,1,[False]
629,21,30,0.986733251,0.6482,40.60313821,2178.039886,0.368,11181642,0.001,32,0.9,0.001,0.2,1,[False]
630,22,1,2.207986941,0.1696,41.87008262,43.50058579,0.2187,11181642,0.001,32,0.9,0.001,0.2,2,[False]
631,22,2,2.192424284,0.1812,40.66297483,117.2206674,0.11,11181642,0.001,32,0.9,0.001,0.2,2,[False]
632,22,3,2.096243057,0.2042,40.67213321,190.809859,0.2116,11181642,0.001,32,0.9,0.001,0.2,2,[False]
633,22,4,2.037722012,0.2398,40.66418147,264.4688323,0.2796,11181642,0.001,32,0.9,0.001,0.2,2,[False]
634,22,5,1.952584879,0.2756,40.6946249,338.1363068,0.2631,11181642,0.001,32,0.9,0.001,0.2,2,[False]
635,22,6,1.892790547,0.3038,40.70344925,411.7966588,0.2778,11181642,0.001,32,0.9,0.001,0.2,2,[False]
636,22,7,1.839430271,0.3258,40.71914172,485.3951612,0.2705,11181642,0.001,32,0.9,0.001,0.2,2,[False]
637,22,8,1.797136787,0.3434,40.77001619,559.1070185,0.2761,11181642,0.001,32,0.9,0.001,0.2,2,[False]
638,22,9,1.746953703,0.3554,40.75207782,632.6015844,0.324,11181642,0.001,32,0.9,0.001,0.2,2,[False]
639,22,10,1.700193436,0.376,40.71592402,706.2497365,0.3171,11181642,0.001,32,0.9,0.001,0.2,2,[False]
640,22,11,1.659749341,0.388,40.74156284,779.9332039,0.3434,11181642,0.001,32,0.9,0.001,0.2,2,[False]
641,22,12,1.62549313,0.4046,40.6661942,853.5642686,0.3374,11181642,0.001,32,0.9,0.001,0.2,2,[False]
642,22,13,1.583033659,0.4202,49.445081,956.3650947,0.349,11181642,0.001,32,0.9,0.001,0.2,2,[False]
643,22,14,1.53784444,0.4378,49.38949966,1060.023793,0.3462,11181642,0.001,32,0.9,0.001,0.2,2,[False]
644,22,15,1.492890098,0.4572,49.5848124,1163.921211,0.3421,11181642,0.001,32,0.9,0.001,0.2,2,[False]
645,22,16,1.460258276,0.463,49.45841885,1267.29492,0.3533,11181642,0.001,32,0.9,0.001,0.2,2,[False]
646,22,17,1.417606197,0.482,49.40420485,1370.722894,0.3591,11181642,0.001,32,0.9,0.001,0.2,2,[False]
647,22,18,1.392525458,0.4924,49.54118609,1473.043693,0.3716,11181642,0.001,32,0.9,0.001,0.2,2,[False]
648,22,19,1.342529777,0.5096,49.51050949,1577.051816,0.3539,11181642,0.001,32,0.9,0.001,0.2,2,[False]
649,22,20,1.325270608,0.523,49.50512695,1680.720704,0.3694,11181642,0.001,32,0.9,0.001,0.2,2,[False]
650,22,21,1.27852212,0.5388,49.3675518,1784.048634,0.3648,11181642,0.001,32,0.9,0.001,0.2,2,[False]
651,22,22,1.228761347,0.5438,49.37512231,1887.683681,0.3842,11181642,0.001,32,0.9,0.001,0.2,2,[False]
652,22,23,1.193051677,0.5682,49.41875553,1991.287505,0.3727,11181642,0.001,32,0.9,0.001,0.2,2,[False]
653,22,24,1.145630138,0.587,49.61638713,2095.132082,0.3667,11181642,0.001,32,0.9,0.001,0.2,2,[False]
654,22,25,1.118776751,0.5982,52.19227457,2201.45428,0.3553,11181642,0.001,32,0.9,0.001,0.2,2,[False]
655,22,26,1.095076864,0.602,52.4057312,2310.859881,0.3338,11181642,0.001,32,0.9,0.001,0.2,2,[False]
656,22,27,1.080426204,0.618,50.03546762,2415.819691,0.3931,11181642,0.001,32,0.9,0.001,0.2,2,[False]
657,22,28,1.026988444,0.627,50.18161511,2520.431651,0.3648,11181642,0.001,32,0.9,0.001,0.2,2,[False]
658,22,29,1.000369338,0.642,49.94177556,2624.92776,0.3277,11181642,0.001,32,0.9,0.001,0.2,2,[False]
659,22,30,0.930368433,0.6614,49.98385954,2729.875087,0.3502,11181642,0.001,32,0.9,0.001,0.2,2,[False]
660,23,1,2.213196114,0.1674,57.28884029,60.86207366,0.1648,11181642,0.001,32,0.9,0.001,0.2,3,[False]
661,23,2,2.205262621,0.173,53.40793228,169.9226058,0.1629,11181642,0.001,32,0.9,0.001,0.2,3,[False]
662,23,3,2.090854802,0.2044,53.25867701,281.8846986,0.1687,11181642,0.001,32,0.9,0.001,0.2,3,[False]
663,23,4,2.062106528,0.2304,64.8817637,404.502816,0.1933,11181642,0.001,32,0.9,0.001,0.2,3,[False]
664,23,5,2.002127428,0.251,59.81902003,524.0647166,0.2403,11181642,0.001,32,0.9,0.001,0.2,3,[False]
665,23,6,1.945295958,0.274,57.86245513,635.4757609,0.2268,11181642,0.001,32,0.9,0.001,0.2,3,[False]
666,23,7,1.897504478,0.2924,42.02766037,734.7093751,0.2768,11181642,0.001,32,0.9,0.001,0.2,3,[False]
667,23,8,1.859139939,0.3078,41.37789297,813.085356,0.2979,11181642,0.001,32,0.9,0.001,0.2,3,[False]
668,23,9,1.814187798,0.333,41.23263001,892.2109458,0.3016,11181642,0.001,32,0.9,0.001,0.2,3,[False]
669,23,10,1.786915336,0.3434,38.93441081,968.1531758,0.3098,11181642,0.001,32,0.9,0.001,0.2,3,[False]
670,23,11,1.761119104,0.3526,38.75418329,1043.115558,0.3155,11181642,0.001,32,0.9,0.001,0.2,3,[False]
671,23,12,1.728109029,0.3662,38.35534644,1117.96596,0.3214,11181642,0.001,32,0.9,0.001,0.2,3,[False]
672,23,13,1.683201008,0.377,38.58084321,1191.383668,0.3256,11181642,0.001,32,0.9,0.001,0.2,3,[False]
673,23,14,1.659294118,0.3894,38.73151278,1266.011214,0.3353,11181642,0.001,32,0.9,0.001,0.2,3,[False]
674,23,15,1.632462661,0.3944,38.6799655,1339.709349,0.3473,11181642,0.001,32,0.9,0.001,0.2,3,[False]
675,23,16,1.605712174,0.4038,38.58479166,1415.042895,0.3608,11181642,0.001,32,0.9,0.001,0.2,3,[False]
676,23,17,1.584066137,0.4156,38.61993456,1489.451151,0.337,11181642,0.001,32,0.9,0.001,0.2,3,[False]
677,23,18,1.569332725,0.4206,38.58859682,1563.343364,0.3448,11181642,0.001,32,0.9,0.001,0.2,3,[False]
678,23,19,1.537740794,0.4346,38.63366961,1637.388363,0.3598,11181642,0.001,32,0.9,0.001,0.2,3,[False]
679,23,20,1.512618027,0.44,39.57430172,1712.409918,0.3599,11181642,0.001,32,0.9,0.001,0.2,3,[False]
680,23,21,1.488755561,0.4576,39.4595561,1791.446219,0.3586,11181642,0.001,32,0.9,0.001,0.2,3,[False]
681,23,22,1.474361063,0.4628,38.91326618,1867.035433,0.3737,11181642,0.001,32,0.9,0.001,0.2,3,[False]
682,23,23,1.442353957,0.48,38.90017343,1941.946323,0.3663,11181642,0.001,32,0.9,0.001,0.2,3,[False]
683,23,24,1.418589119,0.4828,38.77229595,2016.512936,0.3768,11181642,0.001,32,0.9,0.001,0.2,3,[False]
684,23,25,1.386584122,0.4968,39.07519698,2093.084886,0.388,11181642,0.001,32,0.9,0.001,0.2,3,[False]
685,23,26,1.35348204,0.498,39.1268487,2168.137688,0.3792,11181642,0.001,32,0.9,0.001,0.2,3,[False]
686,23,27,1.317917241,0.5216,38.95538735,2242.694898,0.3876,11181642,0.001,32,0.9,0.001,0.2,3,[False]
687,23,28,1.289670589,0.533,39.72107458,2319.235003,0.3734,11181642,0.001,32,0.9,0.001,0.2,3,[False]
688,23,29,1.264991316,0.532,39.11322784,2394.450683,0.3748,11181642,0.001,32,0.9,0.001,0.2,3,[False]
689,23,30,1.227656143,0.548,39.2664845,2470.127826,0.3665,11181642,0.001,32,0.9,0.001,0.2,3,[False]
690,24,1,2.245350395,0.1576,40.26923585,42.0768683,0.1771,11181642,0.001,32,0.9,0.001,0.2,4,[False]
691,24,2,2.186895457,0.166,38.70524764,116.5618465,0.1308,11181642,0.001,32,0.9,0.001,0.2,4,[False]
692,24,3,2.134013649,0.1944,39.06989241,191.3097672,0.1634,11181642,0.001,32,0.9,0.001,0.2,4,[False]
693,24,4,2.062153088,0.215,38.56095862,266.2140749,0.102,11181642,0.001,32,0.9,0.001,0.2,4,[False]
694,24,5,2.092117978,0.2096,39.01271009,340.7250242,0.2332,11181642,0.001,32,0.9,0.001,0.2,4,[False]
695,24,6,1.983724496,0.258,39.14679527,416.8956037,0.24,11181642,0.001,32,0.9,0.001,0.2,4,[False]
696,24,7,1.952111508,0.2726,38.82751322,491.9661884,0.2593,11181642,0.001,32,0.9,0.001,0.2,4,[False]
697,24,8,1.906585973,0.2934,38.84714866,566.0211799,0.2116,11181642,0.001,32,0.9,0.001,0.2,4,[False]
698,24,9,1.882248268,0.3052,39.5303297,641.4006395,0.2929,11181642,0.001,32,0.9,0.001,0.2,4,[False]
699,24,10,1.855811596,0.3116,39.66996622,717.6960287,0.2912,11181642,0.001,32,0.9,0.001,0.2,4,[False]
700,24,11,1.82865563,0.3236,38.94750857,792.7300701,0.2423,11181642,0.001,32,0.9,0.001,0.2,4,[False]
701,24,12,1.791215549,0.3356,39.07956791,869.8718767,0.3231,11181642,0.001,32,0.9,0.001,0.2,4,[False]
702,24,13,1.762070344,0.3494,39.39586997,948.2335722,0.3399,11181642,0.001,32,0.9,0.001,0.2,4,[False]
703,24,14,1.730883227,0.3536,38.79985166,1023.215703,0.3403,11181642,0.001,32,0.9,0.001,0.2,4,[False]
704,24,15,1.693700269,0.377,38.84274602,1098.444174,0.3387,11181642,0.001,32,0.9,0.001,0.2,4,[False]
705,24,16,1.678329831,0.376,39.40753365,1173.658161,0.3484,11181642,0.001,32,0.9,0.001,0.2,4,[False]
706,24,17,1.647028978,0.394,39.26550198,1250.124211,0.3624,11181642,0.001,32,0.9,0.001,0.2,4,[False]
707,24,18,1.626323894,0.4026,38.7113266,1325.579401,0.3527,11181642,0.001,32,0.9,0.001,0.2,4,[False]
708,24,19,1.598166741,0.4082,38.84106636,1399.614376,0.3507,11181642,0.001,32,0.9,0.001,0.2,4,[False]
709,24,20,1.575132632,0.4184,38.72549582,1473.734246,0.3569,11181642,0.001,32,0.9,0.001,0.2,4,[False]
710,24,21,1.561416144,0.4212,39.25939417,1549.638776,0.3591,11181642,0.001,32,0.9,0.001,0.2,4,[False]
711,24,22,1.53538219,0.4274,38.78294563,1623.571749,0.3516,11181642,0.001,32,0.9,0.001,0.2,4,[False]
712,24,23,1.522755385,0.4376,39.62241197,1702.468164,0.3491,11181642,0.001,32,0.9,0.001,0.2,4,[False]
713,24,24,1.496362553,0.4466,39.26783347,1780.159271,0.3577,11181642,0.001,32,0.9,0.001,0.2,4,[False]
714,24,25,1.471780354,0.4524,38.97238231,1857.675607,0.3555,11181642,0.001,32,0.9,0.001,0.2,4,[False]
715,24,26,1.454174035,0.464,39.22561622,1934.174604,0.3748,11181642,0.001,32,0.9,0.001,0.2,4,[False]
716,24,27,1.430772321,0.4674,39.15823221,2010.358848,0.3905,11181642,0.001,32,0.9,0.001,0.2,4,[False]
717,24,28,1.410396302,0.4796,38.87452579,2086.566556,0.3986,11181642,0.001,32,0.9,0.001,0.2,4,[False]
718,24,29,1.377286417,0.4928,38.96672273,2162.07758,0.3889,11181642,0.001,32,0.9,0.001,0.2,4,[False]
719,24,30,1.35115247,0.5002,39.30777884,2237.756339,0.3894,11181642,0.001,32,0.9,0.001,0.2,4,[False]
720,25,1,2.264065615,0.1416,40.45185995,42.37854028,0.1375,11181642,0.001,32,0.9,0.001,0.2,5,[False]
721,25,2,2.205789587,0.1658,39.14396048,118.5463634,0.1422,11181642,0.001,32,0.9,0.001,0.2,5,[False]
722,25,3,2.154547248,0.1886,39.32658219,194.5269532,0.1713,11181642,0.001,32,0.9,0.001,0.2,5,[False]
723,25,4,2.077730574,0.2176,39.30093074,270.545805,0.2342,11181642,0.001,32,0.9,0.001,0.2,5,[False]
724,25,5,2.028988188,0.2398,39.51450467,347.2592072,0.2513,11181642,0.001,32,0.9,0.001,0.2,5,[False]
725,25,6,2.001071386,0.248,39.40011024,424.341748,0.2502,11181642,0.001,32,0.9,0.001,0.2,5,[False]
726,25,7,1.949232534,0.267,39.25837398,501.8719974,0.2545,11181642,0.001,32,0.9,0.001,0.2,5,[False]
727,25,8,1.934587083,0.271,39.39171076,578.4452996,0.2871,11181642,0.001,32,0.9,0.001,0.2,5,[False]
728,25,9,1.908177151,0.2862,39.31131959,656.2846158,0.2947,11181642,0.001,32,0.9,0.001,0.2,5,[False]
729,25,10,1.883691131,0.2958,39.35260344,731.7057636,0.3031,11181642,0.001,32,0.9,0.001,0.2,5,[False]
730,25,11,1.845840817,0.3072,39.56927991,809.2046399,0.3076,11181642,0.001,32,0.9,0.001,0.2,5,[False]
731,25,12,1.810622739,0.3264,39.33893466,884.2723038,0.3024,11181642,0.001,32,0.9,0.001,0.2,5,[False]
732,25,13,1.775272126,0.3404,39.11467743,960.5462723,0.3027,11181642,0.001,32,0.9,0.001,0.2,5,[False]
733,25,14,1.749894908,0.353,39.19064903,1035.507141,0.3114,11181642,0.001,32,0.9,0.001,0.2,5,[False]
734,25,15,1.715527253,0.3654,39.46605825,1111.070695,0.3052,11181642,0.001,32,0.9,0.001,0.2,5,[False]
735,25,16,1.695896321,0.3724,39.52963233,1187.401814,0.3413,11181642,0.001,32,0.9,0.001,0.2,5,[False]
736,25,17,1.667662737,0.3782,39.4825995,1263.371846,0.3472,11181642,0.001,32,0.9,0.001,0.2,5,[False]
737,25,18,1.640167704,0.397,39.25309873,1339.340788,0.3519,11181642,0.001,32,0.9,0.001,0.2,5,[False]
738,25,19,1.622212207,0.4026,39.29351187,1416.329524,0.3565,11181642,0.001,32,0.9,0.001,0.2,5,[False]
739,25,20,1.598726982,0.4138,39.69275546,1492.8355,0.3713,11181642,0.001,32,0.9,0.001,0.2,5,[False]
740,25,21,1.582665795,0.411,39.24709415,1569.649161,0.3657,11181642,0.001,32,0.9,0.001,0.2,5,[False]
741,25,22,1.562021084,0.4204,39.18523979,1645.416353,0.3773,11181642,0.001,32,0.9,0.001,0.2,5,[False]
742,25,23,1.534851669,0.432,39.15911698,1721.098827,0.3765,11181642,0.001,32,0.9,0.001,0.2,5,[False]
743,25,24,1.524773664,0.4338,39.39149141,1796.479913,0.3842,11181642,0.001,32,0.9,0.001,0.2,5,[False]
744,25,25,1.51342318,0.4464,39.17870593,1872.549132,0.384,11181642,0.001,32,0.9,0.001,0.2,5,[False]
745,25,26,1.496016524,0.4556,39.23872399,1947.584155,0.4028,11181642,0.001,32,0.9,0.001,0.2,5,[False]
746,25,27,1.467191162,0.4606,38.85579896,2022.434744,0.4024,11181642,0.001,32,0.9,0.001,0.2,5,[False]
747,25,28,1.448762894,0.4702,39.14541936,2096.288236,0.3998,11181642,0.001,32,0.9,0.001,0.2,5,[False]
748,25,29,1.421483987,0.4866,39.32053709,2174.759138,0.4078,11181642,0.001,32,0.9,0.001,0.2,5,[False]
749,25,30,1.396199343,0.4902,39.36387873,2250.348162,0.4033,11181642,0.001,32,0.9,0.001,0.2,5,[False]
750,26,1,2.234660323,0.1648,45.35290766,47.29231262,0.1673,11181642,0.001,32,0.9,0.001,0.3,1,[False]
751,26,2,2.229856071,0.1682,54.90101337,156.6737974,0.184,11181642,0.001,32,0.9,0.001,0.3,1,[False]
752,26,3,2.087091587,0.2152,50.78624964,261.8655746,0.1756,11181642,0.001,32,0.9,0.001,0.3,1,[False]
753,26,4,2.031638765,0.2368,49.42013383,365.711246,0.2,11181642,0.001,32,0.9,0.001,0.3,1,[False]
754,26,5,1.975735949,0.261,49.76596332,469.6090608,0.2198,11181642,0.001,32,0.9,0.001,0.3,1,[False]
755,26,6,1.925700322,0.2842,52.9342401,591.2854507,0.2448,11181642,0.001,32,0.9,0.001,0.3,1,[False]
756,26,7,1.877512551,0.301,49.72988153,694.8696425,0.2598,11181642,0.001,32,0.9,0.001,0.3,1,[False]
757,26,8,1.824096976,0.3324,57.75681305,811.3763034,0.3046,11181642,0.001,32,0.9,0.001,0.3,1,[False]
758,26,9,1.782556237,0.3406,55.2023561,922.0319364,0.3249,11181642,0.001,32,0.9,0.001,0.3,1,[False]
759,26,10,1.747985333,0.3578,55.41052556,1032.280027,0.3282,11181642,0.001,32,0.9,0.001,0.3,1,[False]
760,26,11,1.698737206,0.3798,53.08278632,1143.009393,0.3253,11181642,0.001,32,0.9,0.001,0.3,1,[False]
761,26,12,1.657932286,0.3944,53.71437573,1250.796708,0.3455,11181642,0.001,32,0.9,0.001,0.3,1,[False]
762,26,13,1.611484731,0.4016,38.44708443,1324.878519,0.3438,11181642,0.001,32,0.9,0.001,0.3,1,[False]
763,26,14,1.582621214,0.4122,38.81725621,1398.860748,0.3475,11181642,0.001,32,0.9,0.001,0.3,1,[False]
764,26,15,1.541758364,0.4352,38.70295954,1473.601362,0.3414,11181642,0.001,32,0.9,0.001,0.3,1,[False]
765,26,16,1.504614502,0.4498,38.70174098,1547.677531,0.3451,11181642,0.001,32,0.9,0.001,0.3,1,[False]
766,26,17,1.478622434,0.4624,38.8290391,1621.041245,0.3678,11181642,0.001,32,0.9,0.001,0.3,1,[False]
767,26,18,1.439629649,0.4668,39.25033092,1694.966875,0.3734,11181642,0.001,32,0.9,0.001,0.3,1,[False]
768,26,19,1.406045657,0.4892,39.0358088,1769.572589,0.3754,11181642,0.001,32,0.9,0.001,0.3,1,[False]
769,26,20,1.36891278,0.4904,38.75977111,1843.327868,0.378,11181642,0.001,32,0.9,0.001,0.3,1,[False]
770,26,21,1.331624439,0.5132,38.75294685,1916.930676,0.379,11181642,0.001,32,0.9,0.001,0.3,1,[False]
771,26,22,1.283529319,0.53,38.79846835,1990.368918,0.3768,11181642,0.001,32,0.9,0.001,0.3,1,[False]
772,26,23,1.25262757,0.5402,38.7962811,2063.725784,0.3704,11181642,0.001,32,0.9,0.001,0.3,1,[False]
773,26,24,1.238410353,0.5478,38.82941413,2137.531187,0.3759,11181642,0.001,32,0.9,0.001,0.3,1,[False]
774,26,25,1.197822521,0.56,38.7307229,2210.725691,0.3805,11181642,0.001,32,0.9,0.001,0.3,1,[False]
775,26,26,1.165443143,0.5744,38.68107343,2284.30347,0.3763,11181642,0.001,32,0.9,0.001,0.3,1,[False]
776,26,27,1.134306403,0.588,38.79811645,2357.943433,0.4094,11181642,0.001,32,0.9,0.001,0.3,1,[False]
777,26,28,1.068926934,0.6082,39.31864929,2432.185714,0.3113,11181642,0.001,32,0.9,0.001,0.3,1,[False]
778,26,29,1.055691166,0.6152,38.85144901,2505.436188,0.3473,11181642,0.001,32,0.9,0.001,0.3,1,[False]
779,26,30,1.015218147,0.636,38.9421134,2579.820549,0.335,11181642,0.001,32,0.9,0.001,0.3,1,[False]
780,27,1,2.203445149,0.1776,40.00653005,41.95959949,0.1972,11181642,0.001,32,0.9,0.001,0.3,2,[False]
781,27,2,2.198109999,0.168,38.76337409,115.1911287,0.0999,11181642,0.001,32,0.9,0.001,0.3,2,[False]
782,27,3,2.136746539,0.1964,38.67335272,188.497983,0.1793,11181642,0.001,32,0.9,0.001,0.3,2,[False]
783,27,4,2.059863624,0.2232,38.83581972,261.8285847,0.221,11181642,0.001,32,0.9,0.001,0.3,2,[False]
784,27,5,1.994531457,0.249,38.66935825,335.6816142,0.2161,11181642,0.001,32,0.9,0.001,0.3,2,[False]
785,27,6,1.950112482,0.2686,38.62348199,408.7799287,0.2553,11181642,0.001,32,0.9,0.001,0.3,2,[False]
786,27,7,1.894451139,0.2886,38.63524222,482.0027225,0.2907,11181642,0.001,32,0.9,0.001,0.3,2,[False]
787,27,8,1.853530777,0.3108,38.66967344,555.8781435,0.3046,11181642,0.001,32,0.9,0.001,0.3,2,[False]
788,27,9,1.799892021,0.3314,38.97145605,632.0992498,0.3314,11181642,0.001,32,0.9,0.001,0.3,2,[False]
789,27,10,1.750945335,0.3448,38.73245811,705.9597957,0.3412,11181642,0.001,32,0.9,0.001,0.3,2,[False]
790,27,11,1.707741611,0.3664,38.67541599,779.087707,0.3155,11181642,0.001,32,0.9,0.001,0.3,2,[False]
791,27,12,1.686058073,0.3764,38.62219834,852.2446032,0.3516,11181642,0.001,32,0.9,0.001,0.3,2,[False]
792,27,13,1.658086044,0.3898,38.60128355,925.4105132,0.3384,11181642,0.001,32,0.9,0.001,0.3,2,[False]
793,27,14,1.609736642,0.4112,38.72186732,998.9578893,0.3442,11181642,0.001,32,0.9,0.001,0.3,2,[False]
794,27,15,1.570975947,0.425,38.77825832,1072.313181,0.3474,11181642,0.001,32,0.9,0.001,0.3,2,[False]
795,27,16,1.533052433,0.4374,39.66197586,1148.439763,0.3424,11181642,0.001,32,0.9,0.001,0.3,2,[False]
796,27,17,1.50055817,0.4438,39.2889576,1222.531687,0.3601,11181642,0.001,32,0.9,0.001,0.3,2,[False]
797,27,18,1.459371104,0.4604,39.85044265,1297.57905,0.3496,11181642,0.001,32,0.9,0.001,0.3,2,[False]
798,27,19,1.444653069,0.466,39.72366047,1374.545145,0.3461,11181642,0.001,32,0.9,0.001,0.3,2,[False]
799,27,20,1.426365308,0.4764,39.13795638,1448.992703,0.3659,11181642,0.001,32,0.9,0.001,0.3,2,[False]
800,27,21,1.407835487,0.4806,39.14823937,1522.279675,0.3763,11181642,0.001,32,0.9,0.001,0.3,2,[False]
801,27,22,1.39071105,0.4838,39.11633897,1595.603562,0.3882,11181642,0.001,32,0.9,0.001,0.3,2,[False]
802,27,23,1.376761209,0.4956,39.27467251,1669.024943,0.3712,11181642,0.001,32,0.9,0.001,0.3,2,[False]
803,27,24,1.337481077,0.516,39.73467255,1743.436311,0.361,11181642,0.001,32,0.9,0.001,0.3,2,[False]
804,27,25,1.300853797,0.517,40.27529693,1819.869909,0.3737,11181642,0.001,32,0.9,0.001,0.3,2,[False]
805,27,26,1.248226464,0.5418,39.38696122,1894.236834,0.3331,11181642,0.001,32,0.9,0.001,0.3,2,[False]
806,27,27,1.208399248,0.5566,39.75967383,1968.45897,0.3594,11181642,0.001,32,0.9,0.001,0.3,2,[False]
807,27,28,1.168275937,0.567,39.79240727,2044.144418,0.3615,11181642,0.001,32,0.9,0.001,0.3,2,[False]
808,27,29,1.13771355,0.5792,39.07411385,2117.453059,0.379,11181642,0.001,32,0.9,0.001,0.3,2,[False]
809,27,30,1.128020091,0.5906,38.87023783,2191.146199,0.3429,11181642,0.001,32,0.9,0.001,0.3,2,[False]
810,28,1,2.249299531,0.1522,40.54336953,42.44604683,0.175,11181642,0.001,32,0.9,0.001,0.3,3,[False]
811,28,2,2.221162592,0.1674,39.17562938,116.7916169,0.1006,11181642,0.001,32,0.9,0.001,0.3,3,[False]
812,28,3,2.130716671,0.1936,53.72194052,207.7330203,0.1935,11181642,0.001,32,0.9,0.001,0.3,3,[False]
813,28,4,2.065418007,0.2222,49.56635499,315.7112107,0.2198,11181642,0.001,32,0.9,0.001,0.3,3,[False]
814,28,5,2.000234426,0.2508,49.45481753,420.2542024,0.2253,11181642,0.001,32,0.9,0.001,0.3,3,[False]
815,28,6,1.948469373,0.269,49.53726554,525.3168266,0.2384,11181642,0.001,32,0.9,0.001,0.3,3,[False]
816,28,7,1.930748689,0.2798,49.46551156,630.0119147,0.2645,11181642,0.001,32,0.9,0.001,0.3,3,[False]
817,28,8,1.879494942,0.2938,52.38824868,737.6299262,0.2665,11181642,0.001,32,0.9,0.001,0.3,3,[False]
818,28,9,1.847512047,0.3154,52.1524086,845.1222169,0.286,11181642,0.001,32,0.9,0.001,0.3,3,[False]
819,28,10,1.806640916,0.3282,54.59053779,955.0391593,0.2844,11181642,0.001,32,0.9,0.001,0.3,3,[False]
820,28,11,1.780840072,0.3376,49.57556224,1059.743253,0.3143,11181642,0.001,32,0.9,0.001,0.3,3,[False]
821,28,12,1.756646366,0.355,70.08197331,1181.587945,0.3174,11181642,0.001,32,0.9,0.001,0.3,3,[False]
822,28,13,1.723892063,0.3562,49.84909177,1286.770148,0.327,11181642,0.001,32,0.9,0.001,0.3,3,[False]
823,28,14,1.702738212,0.3568,53.01215768,1394.861277,0.3474,11181642,0.001,32,0.9,0.001,0.3,3,[False]
824,28,15,1.666429235,0.3846,49.79252076,1499.873644,0.3311,11181642,0.001,32,0.9,0.001,0.3,3,[False]
825,28,16,1.649816467,0.382,49.68907928,1607.443894,0.3379,11181642,0.001,32,0.9,0.001,0.3,3,[False]
826,28,17,1.629587408,0.3996,55.30109072,1718.536122,0.3558,11181642,0.001,32,0.9,0.001,0.3,3,[False]
827,28,18,1.585905174,0.413,49.89401126,1823.861114,0.3645,11181642,0.001,32,0.9,0.001,0.3,3,[False]
828,28,19,1.558374655,0.4276,55.28544998,1937.410165,0.3597,11181642,0.001,32,0.9,0.001,0.3,3,[False]
829,28,20,1.522595536,0.4418,53.4472506,2046.411363,0.3584,11181642,0.001,32,0.9,0.001,0.3,3,[False]
830,28,21,1.518512007,0.4384,58.1507082,2161.977556,0.3638,11181642,0.001,32,0.9,0.001,0.3,3,[False]
831,28,22,1.470241712,0.4688,69.82209897,2289.161796,0.3541,11181642,0.001,32,0.9,0.001,0.3,3,[False]
832,28,23,1.45271268,0.4642,52.46555305,2405.657022,0.3706,11181642,0.001,32,0.9,0.001,0.3,3,[False]
833,28,24,1.440677688,0.4628,55.45256448,2516.368768,0.3643,11181642,0.001,32,0.9,0.001,0.3,3,[False]
834,28,25,1.397792331,0.4854,66.58972526,2643.672878,0.352,11181642,0.001,32,0.9,0.001,0.3,3,[False]
835,28,26,1.4024103,0.4838,65.33294535,2770.605279,0.3539,11181642,0.001,32,0.9,0.001,0.3,3,[False]
836,28,27,1.36342871,0.5,64.2234664,2898.762293,0.3677,11181642,0.001,32,0.9,0.001,0.3,3,[False]
837,28,28,1.344318451,0.5064,39.02941179,2984.467157,0.3451,11181642,0.001,32,0.9,0.001,0.3,3,[False]
838,28,29,1.308380549,0.5182,39.19139552,3059.604466,0.3474,11181642,0.001,32,0.9,0.001,0.3,3,[False]
839,28,30,1.304355588,0.5216,39.15894794,3135.557049,0.3454,11181642,0.001,32,0.9,0.001,0.3,3,[False]
840,29,1,2.267302828,0.1494,40.39896488,42.0257957,0.1266,11181642,0.001,32,0.9,0.001,0.3,4,[False]
841,29,2,2.279296381,0.1422,39.25370169,118.1439359,0.1245,11181642,0.001,32,0.9,0.001,0.3,4,[False]
842,29,3,2.164834897,0.1704,39.4783237,194.3103364,0.1853,11181642,0.001,32,0.9,0.001,0.3,4,[False]
843,29,4,2.103312679,0.205,39.81199074,270.0762064,0.2077,11181642,0.001,32,0.9,0.001,0.3,4,[False]
844,29,5,2.054480683,0.2172,39.67925882,346.6298671,0.213,11181642,0.001,32,0.9,0.001,0.3,4,[False]
845,29,6,2.002976871,0.242,39.95831656,422.9878702,0.2231,11181642,0.001,32,0.9,0.001,0.3,4,[False]
846,29,7,1.97192352,0.2562,39.86732697,499.041492,0.2368,11181642,0.001,32,0.9,0.001,0.3,4,[False]
847,29,8,1.925078342,0.2758,39.21683574,575.3541541,0.2384,11181642,0.001,32,0.9,0.001,0.3,4,[False]
848,29,9,1.889168713,0.2864,39.93368268,651.0931122,0.2433,11181642,0.001,32,0.9,0.001,0.3,4,[False]
849,29,10,1.88278746,0.2958,39.86924434,728.5568352,0.2715,11181642,0.001,32,0.9,0.001,0.3,4,[False]
850,29,11,1.831051073,0.3152,39.45562983,803.7558742,0.2747,11181642,0.001,32,0.9,0.001,0.3,4,[False]
851,29,12,1.804910294,0.324,39.58598948,879.8776238,0.2723,11181642,0.001,32,0.9,0.001,0.3,4,[False]
852,29,13,1.785167616,0.3356,39.63063049,954.3151994,0.3116,11181642,0.001,32,0.9,0.001,0.3,4,[False]
853,29,14,1.762046124,0.3434,39.15128398,1028.440922,0.3245,11181642,0.001,32,0.9,0.001,0.3,4,[False]
854,29,15,1.731106655,0.3574,39.01642275,1101.81549,0.3205,11181642,0.001,32,0.9,0.001,0.3,4,[False]
855,29,16,1.707463904,0.3658,38.98171473,1175.458531,0.346,11181642,0.001,32,0.9,0.001,0.3,4,[False]
856,29,17,1.683180923,0.3764,39.04576182,1248.942242,0.3534,11181642,0.001,32,0.9,0.001,0.3,4,[False]
857,29,18,1.673069288,0.3764,38.9883213,1322.194959,0.3484,11181642,0.001,32,0.9,0.001,0.3,4,[False]
858,29,19,1.650903457,0.385,39.02436042,1396.052419,0.3475,11181642,0.001,32,0.9,0.001,0.3,4,[False]
859,29,20,1.629984127,0.3916,39.0280292,1469.606116,0.3659,11181642,0.001,32,0.9,0.001,0.3,4,[False]
860,29,21,1.609504733,0.4046,39.03350019,1543.015712,0.3785,11181642,0.001,32,0.9,0.001,0.3,4,[False]
861,29,22,1.584080691,0.4154,39.46494436,1617.336594,0.3545,11181642,0.001,32,0.9,0.001,0.3,4,[False]
862,29,23,1.588541931,0.4198,40.1217556,1693.686146,0.3859,11181642,0.001,32,0.9,0.001,0.3,4,[False]
863,29,24,1.547283652,0.4222,40.06334615,1769.265525,0.386,11181642,0.001,32,0.9,0.001,0.3,4,[False]
864,29,25,1.530388979,0.4368,40.05192256,1844.9442,0.3899,11181642,0.001,32,0.9,0.001,0.3,4,[False]
865,29,26,1.516338372,0.4468,39.97260189,1920.305456,0.3956,11181642,0.001,32,0.9,0.001,0.3,4,[False]
866,29,27,1.507730207,0.4466,39.97410154,1995.690011,0.4005,11181642,0.001,32,0.9,0.001,0.3,4,[False]
867,29,28,1.478465071,0.4598,39.98709607,2071.331787,0.3898,11181642,0.001,32,0.9,0.001,0.3,4,[False]
868,29,29,1.460565184,0.4628,39.89482737,2147.15257,0.4089,11181642,0.001,32,0.9,0.001,0.3,4,[False]
869,29,30,1.431223382,0.4844,39.477983,2222.441518,0.4066,11181642,0.001,32,0.9,0.001,0.3,4,[False]
870,30,1,2.315698814,0.1222,41.3635428,43.21475005,0.1328,11181642,0.001,32,0.9,0.001,0.3,5,[False]
871,30,2,2.254649892,0.1538,40.26633239,119.4329634,0.1001,11181642,0.001,32,0.9,0.001,0.3,5,[False]
872,30,3,2.226265814,0.1672,40.11172104,194.6448271,0.1268,11181642,0.001,32,0.9,0.001,0.3,5,[False]
873,30,4,2.158016461,0.1882,40.81171131,271.8203208,0.152,11181642,0.001,32,0.9,0.001,0.3,5,[False]
874,30,5,2.101534122,0.2064,40.62834048,348.8548014,0.2139,11181642,0.001,32,0.9,0.001,0.3,5,[False]
875,30,6,2.039554875,0.2278,40.80727291,425.7535861,0.229,11181642,0.001,32,0.9,0.001,0.3,5,[False]
876,30,7,2.018970997,0.237,40.83694243,502.8616056,0.2649,11181642,0.001,32,0.9,0.001,0.3,5,[False]
877,30,8,2.00073809,0.2488,40.75670838,580.3152065,0.2499,11181642,0.001,32,0.9,0.001,0.3,5,[False]
878,30,9,1.959374438,0.259,40.39987826,657.0928323,0.297,11181642,0.001,32,0.9,0.001,0.3,5,[False]
879,30,10,1.941615582,0.2682,40.71660852,733.8640521,0.3,11181642,0.001,32,0.9,0.001,0.3,5,[False]
880,30,11,1.909973861,0.2806,40.72148895,810.6302516,0.3007,11181642,0.001,32,0.9,0.001,0.3,5,[False]
881,30,12,1.883305332,0.297,40.11585641,886.470001,0.2935,11181642,0.001,32,0.9,0.001,0.3,5,[False]
882,30,13,1.867398523,0.2982,40.12362909,961.7909961,0.297,11181642,0.001,32,0.9,0.001,0.3,5,[False]
883,30,14,1.841273512,0.3086,40.01291919,1036.816312,0.3179,11181642,0.001,32,0.9,0.001,0.3,5,[False]
884,30,15,1.831535738,0.3188,40.05741167,1111.665705,0.316,11181642,0.001,32,0.9,0.001,0.3,5,[False]
885,30,16,1.793340125,0.3234,39.94084024,1186.583531,0.3158,11181642,0.001,32,0.9,0.001,0.3,5,[False]
886,30,17,1.776077294,0.3392,40.13343668,1261.614616,0.3005,11181642,0.001,32,0.9,0.001,0.3,5,[False]
887,30,18,1.74866929,0.344,40.04678226,1336.56309,0.3002,11181642,0.001,32,0.9,0.001,0.3,5,[False]
888,30,19,1.72830466,0.356,39.93434763,1411.229582,0.335,11181642,0.001,32,0.9,0.001,0.3,5,[False]
889,30,20,1.69866002,0.364,40.05671549,1486.039386,0.32,11181642,0.001,32,0.9,0.001,0.3,5,[False]
890,30,21,1.679917487,0.3648,40.02100992,1561.097726,0.3398,11181642,0.001,32,0.9,0.001,0.3,5,[False]
891,30,22,1.656043315,0.3818,40.1319685,1636.999283,0.3611,11181642,0.001,32,0.9,0.001,0.3,5,[False]
892,30,23,1.636943852,0.3908,39.61103535,1713.654282,0.3649,11181642,0.001,32,0.9,0.001,0.3,5,[False]
893,30,24,1.624127282,0.3996,38.70597601,1790.003883,0.3714,11181642,0.001,32,0.9,0.001,0.3,5,[False]
894,30,25,1.608530811,0.4076,38.63421059,1863.170772,0.3731,11181642,0.001,32,0.9,0.001,0.3,5,[False]
895,30,26,1.588860867,0.413,38.71539783,1936.827177,0.385,11181642,0.001,32,0.9,0.001,0.3,5,[False]
896,30,27,1.566241502,0.4224,38.69117498,2011.348594,0.386,11181642,0.001,32,0.9,0.001,0.3,5,[False]
897,30,28,1.554130202,0.43,38.61019564,2084.928299,0.384,11181642,0.001,32,0.9,0.001,0.3,5,[False]
898,30,29,1.537907191,0.4338,38.56172252,2158.341848,0.3879,11181642,0.001,32,0.9,0.001,0.3,5,[False]
899,30,30,1.52371035,0.4306,38.47361279,2231.419979,0.391,11181642,0.001,32,0.9,0.001,0.3,5,[False]
