,run,epoch,loss,train_accuracy,epoch duration,run duration,test_accuracy,total parameters,lr,batch_size,momentum,l1_oc,filter_multiplier,kernel_size,stride
0,1,1,2.249699807128906,0.14648,19.975195169448853,21.707564115524292,0.2472,756442,0.01,128,0.9,18,2,3,1
1,1,2,1.836105623779297,0.33672,19.84966278076172,41.579161405563354,0.3806,756442,0.01,128,0.9,18,2,3,1
2,1,3,1.52126884765625,0.44826,19.848399877548218,61.44252896308899,0.5039,756442,0.01,128,0.9,18,2,3,1
3,1,4,1.3321544821166993,0.5191,19.78908348083496,81.24656748771667,0.5428,756442,0.01,128,0.9,18,2,3,1
4,1,5,1.182704488067627,0.57792,19.81227970123291,101.07281494140625,0.5833,756442,0.01,128,0.9,18,2,3,1
5,1,6,1.0346201565551758,0.6355,19.83935785293579,120.92714834213257,0.6228,756442,0.01,128,0.9,18,2,3,1
6,1,7,0.9113660931396484,0.6813,19.821007251739502,140.76308345794678,0.646,756442,0.01,128,0.9,18,2,3,1
7,1,8,0.814987666015625,0.71394,19.865835189819336,160.6438488960266,0.6572,756442,0.01,128,0.9,18,2,3,1
8,1,9,0.717555849533081,0.7484,19.831029653549194,180.48983764648438,0.6666,756442,0.01,128,0.9,18,2,3,1
9,1,10,0.6250672203826905,0.77946,19.79677724838257,200.30089163780212,0.6687,756442,0.01,128,0.9,18,2,3,1
10,1,11,0.5594813875579834,0.80358,19.818584442138672,220.13343119621277,0.6676,756442,0.01,128,0.9,18,2,3,1
11,1,12,0.5183017058563233,0.81452,19.907771348953247,240.0561203956604,0.6517,756442,0.01,128,0.9,18,2,3,1
12,1,13,0.4597567722702026,0.8367,19.848418712615967,259.9193305969238,0.6552,756442,0.01,128,0.9,18,2,3,1
13,1,14,0.40262142166137693,0.85722,19.87647294998169,279.8117551803589,0.6723,756442,0.01,128,0.9,18,2,3,1
14,1,15,0.3357718788146973,0.87874,19.84261155128479,299.66930055618286,0.6582,756442,0.01,128,0.9,18,2,3,1
15,1,16,0.305279819355011,0.89124,19.83711814880371,319.52135133743286,0.6573,756442,0.01,128,0.9,18,2,3,1
16,1,17,0.2533084918022156,0.91132,19.89669179916382,339.4329102039337,0.6382,756442,0.01,128,0.9,18,2,3,1
17,1,18,0.22071538784980774,0.92336,19.876154899597168,359.32402515411377,0.6461,756442,0.01,128,0.9,18,2,3,1
18,1,19,0.18179005796432496,0.93582,19.806063175201416,379.14604568481445,0.6561,756442,0.01,128,0.9,18,2,3,1
19,1,20,0.15870932370185853,0.944,19.86993718147278,399.0299184322357,0.6588,756442,0.01,128,0.9,18,2,3,1
20,1,21,0.13040106776237487,0.9552,19.81646728515625,418.8623149394989,0.6498,756442,0.01,128,0.9,18,2,3,1
21,1,22,0.1191821490240097,0.95956,19.857295989990234,438.7335720062256,0.6533,756442,0.01,128,0.9,18,2,3,1
22,1,23,0.1110617263507843,0.96118,19.827961444854736,458.57646679878235,0.6639,756442,0.01,128,0.9,18,2,3,1
23,1,24,0.09089981136322021,0.96984,19.869652032852173,478.46107721328735,0.673,756442,0.01,128,0.9,18,2,3,1
24,1,25,0.08335405175209046,0.97212,19.817004919052124,498.29301476478577,0.6768,756442,0.01,128,0.9,18,2,3,1
25,1,26,0.07609642622470855,0.97412,19.913265228271484,518.2212376594543,0.687,756442,0.01,128,0.9,18,2,3,1
26,1,27,0.053523575555086134,0.98204,19.810426235198975,538.0466268062592,0.682,756442,0.01,128,0.9,18,2,3,1
27,1,28,0.046773647348880766,0.98412,19.792222261428833,557.8558111190796,0.6856,756442,0.01,128,0.9,18,2,3,1
28,1,29,0.044507417902946475,0.985,19.88547921180725,577.7573616504669,0.6849,756442,0.01,128,0.9,18,2,3,1
29,1,30,0.04337400279283524,0.98576,19.799009323120117,597.5713005065918,0.6833,756442,0.01,128,0.9,18,2,3,1
30,2,1,2.2557582501220703,0.13662,22.892327547073364,23.150665283203125,0.2261,508474,0.01,128,0.9,18,2,5,1
31,2,2,1.927400958557129,0.29366,22.881572484970093,46.047157287597656,0.3288,508474,0.01,128,0.9,18,2,5,1
32,2,3,1.6387202499389648,0.40268,22.829657793045044,68.89148020744324,0.456,508474,0.01,128,0.9,18,2,5,1
33,2,4,1.449910744934082,0.47544,22.82807683944702,91.73651242256165,0.4952,508474,0.01,128,0.9,18,2,5,1
34,2,5,1.3238732174682617,0.5264,22.819051504135132,114.5714864730835,0.5418,508474,0.01,128,0.9,18,2,5,1
35,2,6,1.2134138778686523,0.56634,22.85619878768921,137.44663453102112,0.5614,508474,0.01,128,0.9,18,2,5,1
36,2,7,1.1140287547302246,0.60358,22.83822274208069,160.3007824420929,0.5848,508474,0.01,128,0.9,18,2,5,1
37,2,8,1.0158105821228027,0.63948,22.83731484413147,183.1530306339264,0.6136,508474,0.01,128,0.9,18,2,5,1
38,2,9,0.9294951361083984,0.67242,22.845431566238403,206.01439118385315,0.6375,508474,0.01,128,0.9,18,2,5,1
39,2,10,0.8551584329223633,0.70044,22.839648008346558,228.86899995803833,0.6397,508474,0.01,128,0.9,18,2,5,1
40,2,11,0.7946564018249511,0.7228,22.78354549407959,251.6684708595276,0.6459,508474,0.01,128,0.9,18,2,5,1
41,2,12,0.7395246273803711,0.74114,22.761849880218506,274.44525384902954,0.6419,508474,0.01,128,0.9,18,2,5,1
42,2,13,0.6861642412567138,0.75924,23.521219730377197,297.98140931129456,0.6454,508474,0.01,128,0.9,18,2,5,1
43,2,14,0.6394464993286133,0.7769,23.12819814682007,321.12404561042786,0.6506,508474,0.01,128,0.9,18,2,5,1
44,2,15,0.5895086053466797,0.79162,23.28897786140442,344.46884655952454,0.6526,508474,0.01,128,0.9,18,2,5,1
45,2,16,0.5385758727264405,0.81032,22.987942457199097,367.4737434387207,0.6464,508474,0.01,128,0.9,18,2,5,1
46,2,17,0.4875020551300049,0.82808,22.94892644882202,390.4376013278961,0.6539,508474,0.01,128,0.9,18,2,5,1
47,2,18,0.4510595655059814,0.83914,22.82727026939392,413.28079557418823,0.645,508474,0.01,128,0.9,18,2,5,1
48,2,19,0.43380484508514405,0.84804,22.801875352859497,436.09859108924866,0.6353,508474,0.01,128,0.9,18,2,5,1
49,2,20,0.39040287158966064,0.8624,22.815947771072388,458.92947244644165,0.6257,508474,0.01,128,0.9,18,2,5,1
50,2,21,0.3566287720489502,0.87296,22.819081783294678,481.76450538635254,0.6324,508474,0.01,128,0.9,18,2,5,1
51,2,22,0.33145179702758787,0.88346,22.796629667282104,504.57607412338257,0.6305,508474,0.01,128,0.9,18,2,5,1
52,2,23,0.33257445960998533,0.88318,22.7248592376709,527.320880651474,0.6377,508474,0.01,128,0.9,18,2,5,1
53,2,24,0.3073302150344849,0.89394,22.834782123565674,550.1715943813324,0.6628,508474,0.01,128,0.9,18,2,5,1
54,2,25,0.27429150352478027,0.90486,22.822096347808838,573.0096206665039,0.6609,508474,0.01,128,0.9,18,2,5,1
55,2,26,0.249815563621521,0.91328,22.832869052886963,595.8584196567535,0.6394,508474,0.01,128,0.9,18,2,5,1
56,2,27,0.23203695865631105,0.91862,22.82116460800171,618.6952910423279,0.6523,508474,0.01,128,0.9,18,2,5,1
57,2,28,0.20490623258590698,0.92852,22.98776912689209,641.6989290714264,0.6429,508474,0.01,128,0.9,18,2,5,1
58,2,29,0.18303796166419983,0.93742,22.879152059555054,664.594001531601,0.6547,508474,0.01,128,0.9,18,2,5,1
59,2,30,0.17270739699363707,0.94086,22.873750925064087,687.48371052742,0.66,508474,0.01,128,0.9,18,2,5,1
60,3,1,2.212639832458496,0.16246,24.878187656402588,25.09261417388916,0.257,698122,0.01,128,0.9,18,2,7,1
61,3,2,1.8544935891723633,0.32086,24.900289297103882,50.008891344070435,0.3813,698122,0.01,128,0.9,18,2,7,1
62,3,3,1.5827205529785155,0.4205,24.932084560394287,74.95591688156128,0.446,698122,0.01,128,0.9,18,2,7,1
63,3,4,1.4227533926391602,0.48648,24.908889293670654,99.87975311279297,0.5039,698122,0.01,128,0.9,18,2,7,1
64,3,5,1.2958546389770509,0.5349,24.844338178634644,124.74050331115723,0.5389,698122,0.01,128,0.9,18,2,7,1
65,3,6,1.1938702464294433,0.57554,24.94304370880127,149.6994788646698,0.5628,698122,0.01,128,0.9,18,2,7,1
66,3,7,1.0909220646667481,0.61326,24.874565362930298,174.5899691581726,0.5765,698122,0.01,128,0.9,18,2,7,1
67,3,8,1.0014406072998048,0.6465,24.880170106887817,199.48606538772583,0.5938,698122,0.01,128,0.9,18,2,7,1
68,3,9,0.9271414405822754,0.67364,24.91594624519348,224.4169738292694,0.6026,698122,0.01,128,0.9,18,2,7,1
69,3,10,0.8663504278564453,0.69594,24.934200048446655,249.36613392829895,0.5831,698122,0.01,128,0.9,18,2,7,1
70,3,11,0.8167485261535644,0.7123,24.892503023147583,274.2735986709595,0.5813,698122,0.01,128,0.9,18,2,7,1
71,3,12,0.7435941039276123,0.73746,24.946770191192627,299.23531699180603,0.596,698122,0.01,128,0.9,18,2,7,1
72,3,13,0.686613353805542,0.75598,24.865950345993042,324.1162266731262,0.6006,698122,0.01,128,0.9,18,2,7,1
73,3,14,0.6270550192260742,0.77946,24.870362520217896,349.0025198459625,0.5944,698122,0.01,128,0.9,18,2,7,1
74,3,15,0.5568971101379394,0.8024,24.91055989265442,373.9280319213867,0.5872,698122,0.01,128,0.9,18,2,7,1
75,3,16,0.5206604145050049,0.8177,24.920007944107056,398.8629665374756,0.5724,698122,0.01,128,0.9,18,2,7,1
76,3,17,0.47453292999267577,0.83396,24.928804874420166,423.8076961040497,0.5865,698122,0.01,128,0.9,18,2,7,1
77,3,18,0.42928931797027586,0.84924,24.966575145721436,448.78919792175293,0.5738,698122,0.01,128,0.9,18,2,7,1
78,3,19,0.410057459526062,0.85612,24.921553373336792,473.72768998146057,0.5847,698122,0.01,128,0.9,18,2,7,1
79,3,20,0.34572934299468994,0.88044,24.87899136543274,498.62214255332947,0.5732,698122,0.01,128,0.9,18,2,7,1
80,3,21,0.3328242360687256,0.88424,24.94403386116028,523.5811338424683,0.5778,698122,0.01,128,0.9,18,2,7,1
81,3,22,0.30106610702514647,0.8964,24.978195667266846,548.5742876529694,0.5806,698122,0.01,128,0.9,18,2,7,1
82,3,23,0.27598381700515745,0.90554,24.903491020202637,573.4934103488922,0.5868,698122,0.01,128,0.9,18,2,7,1
83,3,24,0.2563257500076294,0.91332,24.888044595718384,598.3966770172119,0.5989,698122,0.01,128,0.9,18,2,7,1
84,3,25,0.22958661858558654,0.92166,24.84504795074463,623.2566661834717,0.5942,698122,0.01,128,0.9,18,2,7,1
85,3,26,0.20264625803947448,0.9323,24.826019287109375,648.0981318950653,0.5951,698122,0.01,128,0.9,18,2,7,1
86,3,27,0.16919420506477356,0.94208,24.877272129058838,672.990362405777,0.6044,698122,0.01,128,0.9,18,2,7,1
87,3,28,0.15563690212249756,0.9488,24.863507986068726,697.8698010444641,0.5967,698122,0.01,128,0.9,18,2,7,1
88,3,29,0.1421986161518097,0.95258,24.896750926971436,722.7825005054474,0.6036,698122,0.01,128,0.9,18,2,7,1
89,3,30,0.128095866689682,0.95722,24.895572423934937,747.6938824653625,0.6018,698122,0.01,128,0.9,18,2,7,1
90,4,1,2.2320344702148436,0.16104,26.785435914993286,27.019842624664307,0.2252,1505470,0.01,128,0.9,32,2,3,1
91,4,2,1.8686500305175782,0.31752,26.79468536376953,53.82947087287903,0.398,1505470,0.01,128,0.9,32,2,3,1
92,4,3,1.5373744604492188,0.44256,26.788583993911743,80.63401556015015,0.4885,1505470,0.01,128,0.9,32,2,3,1
93,4,4,1.3412447158813476,0.51934,26.857360363006592,107.50751876831055,0.5473,1505470,0.01,128,0.9,32,2,3,1
94,4,5,1.188829362487793,0.577,26.743836879730225,134.26631116867065,0.5977,1505470,0.01,128,0.9,32,2,3,1
95,4,6,1.039962593383789,0.63366,26.76790738105774,161.05014419555664,0.64,1505470,0.01,128,0.9,32,2,3,1
96,4,7,0.897840972290039,0.68388,26.802873134613037,187.86928963661194,0.6563,1505470,0.01,128,0.9,32,2,3,1
97,4,8,0.779324289855957,0.72774,26.770522594451904,214.65576934814453,0.6668,1505470,0.01,128,0.9,32,2,3,1
98,4,9,0.6840251477050782,0.76322,26.81161093711853,241.48378944396973,0.6686,1505470,0.01,128,0.9,32,2,3,1
99,4,10,0.5925425241851807,0.7936,26.79621386528015,268.29592728614807,0.6765,1505470,0.01,128,0.9,32,2,3,1
100,4,11,0.504819133605957,0.823,26.740638732910156,295.05451345443726,0.6781,1505470,0.01,128,0.9,32,2,3,1
101,4,12,0.4386755128097534,0.84442,26.741724252700806,321.8105239868164,0.6776,1505470,0.01,128,0.9,32,2,3,1
102,4,13,0.37082286067962644,0.86896,26.74747109413147,348.57504963874817,0.6864,1505470,0.01,128,0.9,32,2,3,1
103,4,14,0.300507971534729,0.89508,26.761597156524658,375.353568315506,0.676,1505470,0.01,128,0.9,32,2,3,1
104,4,15,0.2521690068435669,0.9099,26.7734591960907,402.141991853714,0.6661,1505470,0.01,128,0.9,32,2,3,1
105,4,16,0.21047930166244508,0.9264,26.74948763847351,428.9059498310089,0.6693,1505470,0.01,128,0.9,32,2,3,1
106,4,17,0.1561513942718506,0.9442,26.78547167778015,455.7083444595337,0.6833,1505470,0.01,128,0.9,32,2,3,1
107,4,18,0.12955992863655091,0.95548,26.821847438812256,482.5448884963989,0.6818,1505470,0.01,128,0.9,32,2,3,1
108,4,19,0.10311669480800628,0.96506,26.822216749191284,509.3830361366272,0.6943,1505470,0.01,128,0.9,32,2,3,1
109,4,20,0.08513319015026093,0.97028,26.70875597000122,536.1087026596069,0.6926,1505470,0.01,128,0.9,32,2,3,1
110,4,21,0.07166493239879608,0.97554,26.773898124694824,562.8973379135132,0.6847,1505470,0.01,128,0.9,32,2,3,1
111,4,22,0.05735260181903839,0.98126,26.792091608047485,589.7053534984589,0.6839,1505470,0.01,128,0.9,32,2,3,1
112,4,23,0.04639849154472351,0.98462,26.794238805770874,616.5165679454803,0.7012,1505470,0.01,128,0.9,32,2,3,1
113,4,24,0.045022879056930545,0.98456,26.73064613342285,643.2631375789642,0.702,1505470,0.01,128,0.9,32,2,3,1
114,4,25,0.035146452951431276,0.98796,26.834737539291382,670.1128339767456,0.7037,1505470,0.01,128,0.9,32,2,3,1
115,4,26,0.03362768786430359,0.98864,26.784104347229004,696.9118809700012,0.7106,1505470,0.01,128,0.9,32,2,3,1
116,4,27,0.02662902063757181,0.991,26.806073904037476,723.7338945865631,0.7153,1505470,0.01,128,0.9,32,2,3,1
117,4,28,0.02199453064918518,0.99282,26.7843816280365,750.5342047214508,0.7131,1505470,0.01,128,0.9,32,2,3,1
118,4,29,0.022752582765817642,0.99298,26.784871578216553,777.3340282440186,0.7056,1505470,0.01,128,0.9,32,2,3,1
119,4,30,0.022059030319452284,0.99268,26.743650674819946,804.0936377048492,0.7091,1505470,0.01,128,0.9,32,2,3,1
120,5,1,2.2392838806152344,0.14612,31.045498847961426,31.246958255767822,0.2381,1365694,0.01,128,0.9,32,2,5,1
121,5,2,1.849589205932617,0.3209,30.98027801513672,62.24316215515137,0.3814,1365694,0.01,128,0.9,32,2,5,1
122,5,3,1.5761230310058594,0.42344,31.062050104141235,93.32114267349243,0.467,1365694,0.01,128,0.9,32,2,5,1
123,5,4,1.353190859375,0.50878,30.99382781982422,124.32992887496948,0.5541,1365694,0.01,128,0.9,32,2,5,1
124,5,5,1.189481944732666,0.57452,31.078195095062256,155.4240550994873,0.5898,1365694,0.01,128,0.9,32,2,5,1
125,5,6,1.0431392601013183,0.6324,31.092991590499878,186.53303146362305,0.6149,1365694,0.01,128,0.9,32,2,5,1
126,5,7,0.9096957659912109,0.6786,31.26310443878174,217.8120641708374,0.6528,1365694,0.01,128,0.9,32,2,5,1
127,5,8,0.7912486508178711,0.72272,31.04518485069275,248.87317776679993,0.6833,1365694,0.01,128,0.9,32,2,5,1
128,5,9,0.7006296459960938,0.75518,30.972578287124634,279.86212158203125,0.688,1365694,0.01,128,0.9,32,2,5,1
129,5,10,0.6080341624450684,0.7867,30.99818468093872,310.8762421607971,0.6864,1365694,0.01,128,0.9,32,2,5,1
130,5,11,0.5500776766967773,0.8079,31.003376722335815,341.89674496650696,0.6721,1365694,0.01,128,0.9,32,2,5,1
131,5,12,0.4856762134552002,0.82788,31.00006127357483,372.91276478767395,0.6923,1365694,0.01,128,0.9,32,2,5,1
132,5,13,0.4330649919128418,0.84644,31.011446952819824,403.94042444229126,0.6842,1365694,0.01,128,0.9,32,2,5,1
133,5,14,0.3671142324447632,0.8692,31.01094365119934,434.9682900905609,0.686,1365694,0.01,128,0.9,32,2,5,1
134,5,15,0.32144772972106933,0.88552,31.001643419265747,465.9868948459625,0.6873,1365694,0.01,128,0.9,32,2,5,1
135,5,16,0.2667681681251526,0.90688,31.03563952445984,497.03746724128723,0.6937,1365694,0.01,128,0.9,32,2,5,1
136,5,17,0.21316309739112854,0.92534,31.034245014190674,528.0876326560974,0.6718,1365694,0.01,128,0.9,32,2,5,1
137,5,18,0.19767368013381958,0.9317,31.020304203033447,559.1238687038422,0.6758,1365694,0.01,128,0.9,32,2,5,1
138,5,19,0.15914877818107606,0.94452,30.971038103103638,590.1118800640106,0.6769,1365694,0.01,128,0.9,32,2,5,1
139,5,20,0.13937378294944763,0.95306,31.010748624801636,621.1385514736176,0.6943,1365694,0.01,128,0.9,32,2,5,1
140,5,21,0.11577398981571198,0.96092,30.999696493148804,652.1562006473541,0.6838,1365694,0.01,128,0.9,32,2,5,1
141,5,22,0.1019387155532837,0.96532,30.9787700176239,683.1548843383789,0.6885,1365694,0.01,128,0.9,32,2,5,1
142,5,23,0.0933306583404541,0.96824,30.978715419769287,714.1525168418884,0.6928,1365694,0.01,128,0.9,32,2,5,1
143,5,24,0.07303207968711853,0.9754,31.00246810913086,745.1730399131775,0.6906,1365694,0.01,128,0.9,32,2,5,1
144,5,25,0.0716207819032669,0.97628,30.999656915664673,776.1886377334595,0.7007,1365694,0.01,128,0.9,32,2,5,1
145,5,26,0.05433690593242645,0.98188,31.097785234451294,807.3012764453888,0.7081,1365694,0.01,128,0.9,32,2,5,1
146,5,27,0.05711539726734161,0.98098,31.03858232498169,838.3547661304474,0.7095,1365694,0.01,128,0.9,32,2,5,1
147,5,28,0.04973309358119964,0.98314,30.98532247543335,869.3570096492767,0.7114,1365694,0.01,128,0.9,32,2,5,1
148,5,29,0.04222898256778717,0.98628,31.017419576644897,900.3896765708923,0.7153,1365694,0.01,128,0.9,32,2,5,1
149,5,30,0.03963441632270813,0.98744,31.023696899414062,931.4293026924133,0.718,1365694,0.01,128,0.9,32,2,5,1
150,6,1,2.231580809020996,0.15,36.40541911125183,36.60089588165283,0.2672,2154430,0.01,128,0.9,32,2,7,1
151,6,2,1.8296050848388672,0.32956,36.4029495716095,73.01977491378784,0.381,2154430,0.01,128,0.9,32,2,7,1
152,6,3,1.5593545239257813,0.42796,36.44862604141235,109.48535704612732,0.4662,2154430,0.01,128,0.9,32,2,7,1
153,6,4,1.3786834509277344,0.50218,36.390058755874634,145.89234447479248,0.5275,2154430,0.01,128,0.9,32,2,7,1
154,6,5,1.2307507504272461,0.56206,36.438626289367676,182.34696102142334,0.5523,2154430,0.01,128,0.9,32,2,7,1
155,6,6,1.1036524179077147,0.61006,36.434197425842285,218.79722094535828,0.5825,2154430,0.01,128,0.9,32,2,7,1
156,6,7,0.9766390922546386,0.65548,36.36082983016968,255.17397904396057,0.6138,2154430,0.01,128,0.9,32,2,7,1
157,6,8,0.8618185829162598,0.69528,36.37722659111023,291.5661392211914,0.6315,2154430,0.01,128,0.9,32,2,7,1
158,6,9,0.7753824919128418,0.72904,36.61115527153015,328.1942489147186,0.6355,2154430,0.01,128,0.9,32,2,7,1
159,6,10,0.7003260076141358,0.75498,36.39267158508301,364.60316038131714,0.638,2154430,0.01,128,0.9,32,2,7,1
160,6,11,0.6098857669830322,0.78706,36.40450739860535,401.0226275920868,0.6256,2154430,0.01,128,0.9,32,2,7,1
161,6,12,0.5304162009429931,0.8156,36.31934666633606,437.3579046726227,0.6413,2154430,0.01,128,0.9,32,2,7,1
162,6,13,0.4689578866195679,0.83608,36.4079532623291,473.7818760871887,0.6361,2154430,0.01,128,0.9,32,2,7,1
163,6,14,0.39153931812286374,0.86344,36.34405255317688,510.1419081687927,0.6012,2154430,0.01,128,0.9,32,2,7,1
164,6,15,0.3382668712425232,0.88324,36.40206789970398,546.5599048137665,0.6083,2154430,0.01,128,0.9,32,2,7,1
165,6,16,0.282873639087677,0.9028,36.39243507385254,582.9690101146698,0.626,2154430,0.01,128,0.9,32,2,7,1
166,6,17,0.22563583652496338,0.9223,36.37779402732849,619.3627283573151,0.6302,2154430,0.01,128,0.9,32,2,7,1
167,6,18,0.18578659446716309,0.93706,36.40389895439148,655.7825729846954,0.6302,2154430,0.01,128,0.9,32,2,7,1
168,6,19,0.15152875692367554,0.949,36.396244049072266,692.1947755813599,0.6441,2154430,0.01,128,0.9,32,2,7,1
169,6,20,0.12285379241943359,0.9589,36.41650748252869,728.6272397041321,0.6429,2154430,0.01,128,0.9,32,2,7,1
170,6,21,0.10202596230506897,0.9667,36.44307208061218,765.0862340927124,0.6482,2154430,0.01,128,0.9,32,2,7,1
171,6,22,0.08914246200084686,0.97098,36.53848433494568,801.6426703929901,0.6468,2154430,0.01,128,0.9,32,2,7,1
172,6,23,0.07524168861150742,0.97454,36.397740840911865,838.0583302974701,0.6511,2154430,0.01,128,0.9,32,2,7,1
173,6,24,0.06745562674999236,0.97778,36.41583442687988,874.4910843372345,0.6525,2154430,0.01,128,0.9,32,2,7,1
174,6,25,0.05323139430046082,0.98274,36.4136528968811,910.9196999073029,0.65,2154430,0.01,128,0.9,32,2,7,1
175,6,26,0.05829136416435242,0.98122,36.40114736557007,947.3367786407471,0.6503,2154430,0.01,128,0.9,32,2,7,1
176,6,27,0.04737119957566261,0.98456,36.39966559410095,983.7523484230042,0.6522,2154430,0.01,128,0.9,32,2,7,1
177,6,28,0.04873429100990295,0.98482,36.34397554397583,1020.1125237941742,0.6555,2154430,0.01,128,0.9,32,2,7,1
178,6,29,0.03799691631913185,0.98816,36.368420362472534,1056.4959042072296,0.6465,2154430,0.01,128,0.9,32,2,7,1
179,6,30,0.03808047523498535,0.98822,36.37765169143677,1092.8894817829132,0.6511,2154430,0.01,128,0.9,32,2,7,1
180,7,1,2.2159500869750977,0.16636,55.995052337646484,56.20848083496094,0.2445,3773950,0.01,128,0.9,64,2,3,1
181,7,2,1.7881175820922852,0.34898,56.22567915916443,112.45007872581482,0.437,3773950,0.01,128,0.9,64,2,3,1
182,7,3,1.4665955514526368,0.4682,56.11897373199463,168.58497643470764,0.5104,3773950,0.01,128,0.9,64,2,3,1
183,7,4,1.262614500427246,0.54704,56.190847635269165,224.79173374176025,0.5908,3773950,0.01,128,0.9,64,2,3,1
184,7,5,1.0792418420410157,0.61946,56.28544473648071,281.0941061973572,0.6353,3773950,0.01,128,0.9,64,2,3,1
185,7,6,0.9231479344177246,0.67588,56.307305335998535,337.41835284233093,0.6715,3773950,0.01,128,0.9,64,2,3,1
186,7,7,0.7910906582641601,0.72474,56.2317111492157,393.6669862270355,0.6862,3773950,0.01,128,0.9,64,2,3,1
187,7,8,0.6702443202972412,0.76648,56.21995210647583,449.90489077568054,0.6967,3773950,0.01,128,0.9,64,2,3,1
188,7,9,0.5643020278930664,0.80154,56.17170238494873,506.0925362110138,0.6912,3773950,0.01,128,0.9,64,2,3,1
189,7,10,0.47202881866455076,0.83332,56.249536991119385,562.3577375411987,0.6868,3773950,0.01,128,0.9,64,2,3,1
190,7,11,0.3851060887527466,0.86404,56.21086001396179,618.5834889411926,0.7142,3773950,0.01,128,0.9,64,2,3,1
191,7,12,0.3144617256164551,0.88942,56.22701597213745,674.8264937400818,0.6932,3773950,0.01,128,0.9,64,2,3,1
192,7,13,0.24817241765975953,0.91306,56.16879487037659,731.0122096538544,0.6992,3773950,0.01,128,0.9,64,2,3,1
193,7,14,0.19484184064865112,0.93136,56.208006143569946,787.2371430397034,0.7089,3773950,0.01,128,0.9,64,2,3,1
194,7,15,0.1415996760749817,0.95058,56.14290523529053,843.397967338562,0.6985,3773950,0.01,128,0.9,64,2,3,1
195,7,16,0.11212906666755676,0.96188,56.220752239227295,899.6342725753784,0.688,3773950,0.01,128,0.9,64,2,3,1
196,7,17,0.08753491464138032,0.97022,56.23062872886658,955.8815786838531,0.707,3773950,0.01,128,0.9,64,2,3,1
197,7,18,0.07308912259101867,0.97532,56.48070788383484,1012.3782160282135,0.7265,3773950,0.01,128,0.9,64,2,3,1
198,7,19,0.052634192667007446,0.98214,56.25891375541687,1068.653244972229,0.7207,3773950,0.01,128,0.9,64,2,3,1
199,7,20,0.038104011120796207,0.98746,56.229716300964355,1124.899924993515,0.7279,3773950,0.01,128,0.9,64,2,3,1
200,7,21,0.030692081520557402,0.98986,56.22201228141785,1181.1388607025146,0.7308,3773950,0.01,128,0.9,64,2,3,1
201,7,22,0.026536707808971403,0.9913,56.22663497924805,1237.3824214935303,0.7255,3773950,0.01,128,0.9,64,2,3,1
202,7,23,0.02172308395564556,0.99262,56.21974301338196,1293.6190869808197,0.7308,3773950,0.01,128,0.9,64,2,3,1
203,7,24,0.019261516265869142,0.99366,56.19152331352234,1349.8265128135681,0.7341,3773950,0.01,128,0.9,64,2,3,1
204,7,25,0.01527988943874836,0.99464,56.17535066604614,1406.018811225891,0.7366,3773950,0.01,128,0.9,64,2,3,1
205,7,26,0.01598908516407013,0.9949,56.20435833930969,1462.240122795105,0.7325,3773950,0.01,128,0.9,64,2,3,1
206,7,27,0.014588934893608093,0.99514,56.17685866355896,1518.4339077472687,0.733,3773950,0.01,128,0.9,64,2,3,1
207,7,28,0.013378473979979754,0.99546,56.19559955596924,1574.6468164920807,0.7366,3773950,0.01,128,0.9,64,2,3,1
208,7,29,0.009954870709180831,0.99654,56.25890493392944,1630.9236447811127,0.7453,3773950,0.01,128,0.9,64,2,3,1
209,7,30,0.00689525761783123,0.99794,56.24127388000488,1687.1808767318726,0.7349,3773950,0.01,128,0.9,64,2,3,1
210,8,1,2.1863244128417967,0.17204,71.74388289451599,71.96728944778442,0.2777,4870654,0.01,128,0.9,64,2,5,1
211,8,2,1.7816970092773436,0.34584,71.87477898597717,143.8573443889618,0.4052,4870654,0.01,128,0.9,64,2,5,1
212,8,3,1.4850189016723634,0.45594,71.84562611579895,215.71989154815674,0.5022,4870654,0.01,128,0.9,64,2,5,1
213,8,4,1.2706213247680664,0.54302,71.75433468818665,287.4891791343689,0.5759,4870654,0.01,128,0.9,64,2,5,1
214,8,5,1.0924569438171388,0.61326,71.79678916931152,359.30289006233215,0.6295,4870654,0.01,128,0.9,64,2,5,1
215,8,6,0.9278761933898926,0.67504,71.70487809181213,431.02560448646545,0.6724,4870654,0.01,128,0.9,64,2,5,1
216,8,7,0.7803642687988281,0.7286,71.79475378990173,502.8365972042084,0.6982,4870654,0.01,128,0.9,64,2,5,1
217,8,8,0.6536424062347412,0.7725,71.66630697250366,574.518853187561,0.7169,4870654,0.01,128,0.9,64,2,5,1
218,8,9,0.5638460801696777,0.803,71.63233470916748,646.1671476364136,0.7156,4870654,0.01,128,0.9,64,2,5,1
219,8,10,0.47797564277648924,0.8315,71.64455008506775,717.82825922966,0.7099,4870654,0.01,128,0.9,64,2,5,1
220,8,11,0.391503451499939,0.8609,71.60506463050842,789.4502789974213,0.7028,4870654,0.01,128,0.9,64,2,5,1
221,8,12,0.3182053115081787,0.88806,71.59156608581543,861.0579702854156,0.6777,4870654,0.01,128,0.9,64,2,5,1
222,8,13,0.25579342628479,0.91078,71.62625050544739,932.7021293640137,0.704,4870654,0.01,128,0.9,64,2,5,1
223,8,14,0.19667453672409058,0.93062,71.66126656532288,1004.3793268203735,0.7033,4870654,0.01,128,0.9,64,2,5,1
224,8,15,0.154090788602829,0.9462,71.61456298828125,1076.0138249397278,0.7117,4870654,0.01,128,0.9,64,2,5,1
225,8,16,0.12794696934700012,0.95682,71.51939368247986,1147.5491766929626,0.692,4870654,0.01,128,0.9,64,2,5,1
226,8,17,0.12068949871063232,0.95944,71.58266019821167,1219.1497569084167,0.6984,4870654,0.01,128,0.9,64,2,5,1
227,8,18,0.08123573941707611,0.97226,71.6265287399292,1290.792256116867,0.7309,4870654,0.01,128,0.9,64,2,5,1
228,8,19,0.062255102372169496,0.9789,71.50207757949829,1362.3112607002258,0.7282,4870654,0.01,128,0.9,64,2,5,1
229,8,20,0.051770964877605435,0.98238,71.60373330116272,1433.9319496154785,0.739,4870654,0.01,128,0.9,64,2,5,1
230,8,21,0.03609220027923584,0.98824,71.64127945899963,1505.5901582241058,0.7463,4870654,0.01,128,0.9,64,2,5,1
231,8,22,0.030921833086013793,0.9896,71.54966855049133,1577.1567487716675,0.742,4870654,0.01,128,0.9,64,2,5,1
232,8,23,0.03079371991753578,0.99024,71.78364753723145,1648.9573149681091,0.7442,4870654,0.01,128,0.9,64,2,5,1
233,8,24,0.024496092443466188,0.9918,71.83268618583679,1720.8075954914093,0.7423,4870654,0.01,128,0.9,64,2,5,1
234,8,25,0.019809271056056024,0.9934,71.85293817520142,1792.6774878501892,0.7447,4870654,0.01,128,0.9,64,2,5,1
235,8,26,0.016979343922138214,0.9941,71.69128942489624,1864.3847329616547,0.7444,4870654,0.01,128,0.9,64,2,5,1
236,8,27,0.012967365050315857,0.99588,70.74653434753418,1935.1491923332214,0.746,4870654,0.01,128,0.9,64,2,5,1
237,8,28,0.01623176082611084,0.99482,71.08920860290527,2006.2543733119965,0.7503,4870654,0.01,128,0.9,64,2,5,1
238,8,29,0.01757862233519554,0.99408,72.42255735397339,2078.6923689842224,0.741,4870654,0.01,128,0.9,64,2,5,1
239,8,30,0.018064780040979386,0.99396,72.2863039970398,2150.9975910186768,0.744,4870654,0.01,128,0.9,64,2,5,1
240,9,1,2.1485675540161133,0.18248,61.34288835525513,61.54335284233093,0.3067,8512510,0.01,128,0.9,64,2,7,1
241,9,2,1.7351365213012695,0.35984,61.329885959625244,122.88915729522705,0.4143,8512510,0.01,128,0.9,64,2,7,1
242,9,3,1.465769185180664,0.46414,61.17655944824219,184.08167576789856,0.5155,8512510,0.01,128,0.9,64,2,7,1
243,9,4,1.2861374993896484,0.539,61.874478340148926,245.97510480880737,0.5609,8512510,0.01,128,0.9,64,2,7,1
244,9,5,1.1221717906188964,0.60232,60.9469358921051,306.9389953613281,0.5961,8512510,0.01,128,0.9,64,2,7,1
245,9,6,0.9801310987854004,0.65414,60.99412703514099,367.951048374176,0.6405,8512510,0.01,128,0.9,64,2,7,1
246,9,7,0.8423008432006835,0.70502,60.847379207611084,428.8195207118988,0.6675,8512510,0.01,128,0.9,64,2,7,1
247,9,8,0.7238236599731446,0.74542,61.02402067184448,489.8614959716797,0.6524,8512510,0.01,128,0.9,64,2,7,1
248,9,9,0.6122539418029785,0.78596,61.50066256523132,551.3796947002411,0.6514,8512510,0.01,128,0.9,64,2,7,1
249,9,10,0.5437432749938965,0.8077,61.2921838760376,612.6898357868195,0.6572,8512510,0.01,128,0.9,64,2,7,1
250,9,11,0.4327196960449219,0.85146,61.15482020378113,673.8637790679932,0.6372,8512510,0.01,128,0.9,64,2,7,1
251,9,12,0.3405923873901367,0.88186,61.08911871910095,734.9688286781311,0.652,8512510,0.01,128,0.9,64,2,7,1
252,9,13,0.2781988376235962,0.90552,61.212504863739014,796.1982877254486,0.6589,8512510,0.01,128,0.9,64,2,7,1
253,9,14,0.21712095170974732,0.92632,61.227275371551514,857.4410743713379,0.655,8512510,0.01,128,0.9,64,2,7,1
254,9,15,0.15490228290557861,0.9476,61.17211890220642,918.6321105957031,0.6544,8512510,0.01,128,0.9,64,2,7,1
255,9,16,0.11813337924480438,0.9607,61.137404441833496,979.7854845523834,0.6328,8512510,0.01,128,0.9,64,2,7,1
256,9,17,0.09335954520702362,0.96896,61.02843189239502,1040.836827993393,0.6548,8512510,0.01,128,0.9,64,2,7,1
257,9,18,0.06909904103755951,0.97776,61.41631293296814,1102.2710587978363,0.6651,8512510,0.01,128,0.9,64,2,7,1
258,9,19,0.052733889093399045,0.98322,61.35720229148865,1163.6461970806122,0.6663,8512510,0.01,128,0.9,64,2,7,1
259,9,20,0.045575103830099106,0.9858,61.50236201286316,1225.183443069458,0.6792,8512510,0.01,128,0.9,64,2,7,1
260,9,21,0.04010586051225662,0.98752,61.24871301651001,1286.4507343769073,0.684,8512510,0.01,128,0.9,64,2,7,1
261,9,22,0.03668720023155212,0.98874,61.18623638153076,1347.6589136123657,0.6717,8512510,0.01,128,0.9,64,2,7,1
262,9,23,0.03427746698141098,0.98898,61.05195617675781,1408.7288212776184,0.6771,8512510,0.01,128,0.9,64,2,7,1
263,9,24,0.028481187499165533,0.99152,61.25580382347107,1470.0005803108215,0.6744,8512510,0.01,128,0.9,64,2,7,1
264,9,25,0.02457910674393177,0.99246,61.46225094795227,1531.4807388782501,0.6761,8512510,0.01,128,0.9,64,2,7,1
265,9,26,0.02741985395669937,0.99136,61.44331073760986,1592.941623210907,0.6704,8512510,0.01,128,0.9,64,2,7,1
266,9,27,0.02681648389995098,0.99136,61.48742938041687,1654.4480030536652,0.6819,8512510,0.01,128,0.9,64,2,7,1
267,9,28,0.0219512277173996,0.9932,61.291009187698364,1715.757929801941,0.6763,8512510,0.01,128,0.9,64,2,7,1
268,9,29,0.021413186975717546,0.99356,61.4512779712677,1777.2271611690521,0.6805,8512510,0.01,128,0.9,64,2,7,1
269,9,30,0.01342061511039734,0.99566,61.81226897239685,1839.0563366413116,0.6806,8512510,0.01,128,0.9,64,2,7,1
